{
	"name": "DailyLoad",
	"properties": {
		"description": "Loads the data in the daily frequency",
		"annotations": [],
		"runtimeState": "Started",
		"pipelines": [
			{
				"pipelineReference": {
					"referenceName": "Master Pipeline",
					"type": "PipelineReference"
				},
				"parameters": {
					"triggerdOn": "@addHours(formatDateTime(trigger().startTime,'yyyy-MM-dd'),-24)"
				}
			}
		],
		"type": "ScheduleTrigger",
		"typeProperties": {
			"recurrence": {
				"frequency": "Day",
				"interval": 1,
				"startTime": "2021-04-07T09:49:00",
				"timeZone": "India Standard Time",
				"schedule": {
					"minutes": [
						10
					],
					"hours": [
						0
					]
				}
			}
		}
	}
}