{
	"name": "Historical Load",
	"properties": {
		"description": "Load all the Historical Data",
		"annotations": [],
		"runtimeState": "Started",
		"pipeline": {
			"pipelineReference": {
				"referenceName": "Master Pipeline",
				"type": "PipelineReference"
			},
			"parameters": {
				"triggerdOn": "@formatDateTime(trigger().outputs.windowStartTime,'yyyy-MM-dd')"
			}
		},
		"type": "TumblingWindowTrigger",
		"typeProperties": {
			"frequency": "Hour",
			"interval": 24,
			"startTime": "2021-04-04T02:38:00Z",
			"endTime": "2021-04-07T02:38:00Z",
			"delay": "00:00:00",
			"maxConcurrency": 50,
			"retryPolicy": {
				"intervalInSeconds": 30
			},
			"dependsOn": []
		}
	}
}