{
    "$schema": "https://schema.management.azure.com/schemas/2015-01-01/deploymentParameters.json#",
    "contentVersion": "1.0.0.0",
    "parameters": {
        "factoryName": {
            "value": "adf-toptal"
        },
        "Analytics_connectionString": {
            "value": ""
        },
        "AzureBlobStorage_connectionString": {
            "value": ""
        },
        "AzureSqlDatabase_connectionString": {
            "value": ""
        },
        "FunctionAppEmail_functionKey": {
            "value": ""
        },
        "AzureKeyVault_properties_typeProperties_baseUrl": {
            "value": "https://toptalkeyvault.vault.azure.net/"
        },
        "FunctionAppEmail_properties_typeProperties_functionAppUrl": {
            "value": "https://notification-adf-azure.azurewebsites.net"
        },
        "DailyLoad_properties_Master Pipeline_parameters_triggerdOn": {
            "value": "@addHours(formatDateTime(trigger().startTime,'yyyy-MM-dd'),-24)"
        },
        "Historical Load_properties_pipeline_parameters_triggerdOn": {
            "value": "@formatDateTime(trigger().outputs.windowStartTime,'yyyy-MM-dd')"
        }
    }
}