{
    "$schema": "http://schema.management.azure.com/schemas/2015-01-01/deploymentTemplate.json#",
    "contentVersion": "1.0.0.0",
    "parameters": {
        "factoryName": {
            "type": "string",
            "metadata": "Data Factory name",
            "defaultValue": "adf-toptal"
        },
        "Analytics_connectionString": {
            "type": "secureString",
            "metadata": "Secure string for 'connectionString' of 'Analytics'"
        },
        "AzureBlobStorage_connectionString": {
            "type": "secureString",
            "metadata": "Secure string for 'connectionString' of 'AzureBlobStorage'"
        },
        "AzureSqlDatabase_connectionString": {
            "type": "secureString",
            "metadata": "Secure string for 'connectionString' of 'AzureSqlDatabase'"
        },
        "FunctionAppEmail_functionKey": {
            "type": "secureString",
            "metadata": "Secure string for 'functionKey' of 'FunctionAppEmail'"
        },
        "AzureKeyVault_properties_typeProperties_baseUrl": {
            "type": "string",
            "defaultValue": "https://toptalkeyvault.vault.azure.net/"
        },
        "FunctionAppEmail_properties_typeProperties_functionAppUrl": {
            "type": "string",
            "defaultValue": "https://notification-adf-azure.azurewebsites.net"
        }
    },
    "variables": {
        "factoryId": "[concat('Microsoft.DataFactory/factories/', parameters('factoryName'))]"
    },
    "resources": [
        {
            "name": "[concat(parameters('factoryName'), '/Analytics')]",
            "type": "Microsoft.DataFactory/factories/linkedServices",
            "apiVersion": "2018-06-01",
            "properties": {
                "annotations": [],
                "type": "AzureSqlDatabase",
                "typeProperties": {
                    "connectionString": "[parameters('Analytics_connectionString')]"
                }
            },
            "dependsOn": []
        },
        {
            "name": "[concat(parameters('factoryName'), '/AzureBlobStorage')]",
            "type": "Microsoft.DataFactory/factories/linkedServices",
            "apiVersion": "2018-06-01",
            "properties": {
                "description": "TOPTAL BLOB",
                "annotations": [],
                "type": "AzureBlobStorage",
                "typeProperties": {
                    "connectionString": "[parameters('AzureBlobStorage_connectionString')]"
                }
            },
            "dependsOn": []
        },
        {
            "name": "[concat(parameters('factoryName'), '/AzureKeyVault')]",
            "type": "Microsoft.DataFactory/factories/linkedServices",
            "apiVersion": "2018-06-01",
            "properties": {
                "description": "Toptal",
                "annotations": [],
                "type": "AzureKeyVault",
                "typeProperties": {
                    "baseUrl": "[parameters('AzureKeyVault_properties_typeProperties_baseUrl')]"
                }
            },
            "dependsOn": []
        },
        {
            "name": "[concat(parameters('factoryName'), '/AzureSqlDatabase')]",
            "type": "Microsoft.DataFactory/factories/linkedServices",
            "apiVersion": "2018-06-01",
            "properties": {
                "description": "TOPTAL COnnection",
                "annotations": [],
                "type": "AzureSqlDatabase",
                "typeProperties": {
                    "connectionString": "[parameters('AzureSqlDatabase_connectionString')]"
                }
            },
            "dependsOn": []
        },
        {
            "name": "[concat(parameters('factoryName'), '/FunctionAppEmail')]",
            "type": "Microsoft.DataFactory/factories/linkedServices",
            "apiVersion": "2018-06-01",
            "properties": {
                "annotations": [],
                "type": "AzureFunction",
                "typeProperties": {
                    "functionAppUrl": "[parameters('FunctionAppEmail_properties_typeProperties_functionAppUrl')]",
                    "functionKey": {
                        "type": "SecureString",
                        "value": "[parameters('FunctionAppEmail_functionKey')]"
                    }
                }
            },
            "dependsOn": []
        },
        {
            "name": "[concat(parameters('factoryName'), '/ComputeOptimized')]",
            "type": "Microsoft.DataFactory/factories/integrationRuntimes",
            "apiVersion": "2018-06-01",
            "properties": {
                "type": "Managed",
                "typeProperties": {
                    "computeProperties": {
                        "location": "AutoResolve",
                        "dataFlowProperties": {
                            "computeType": "ComputeOptimized",
                            "coreCount": 16,
                            "timeToLive": 10
                        }
                    }
                }
            },
            "dependsOn": []
        },
        {
            "name": "[concat(parameters('factoryName'), '/Email Notification')]",
            "type": "Microsoft.DataFactory/factories/pipelines",
            "apiVersion": "2018-06-01",
            "properties": {
                "activities": [
                    {
                        "name": "EmailNotification",
                        "type": "AzureFunctionActivity",
                        "dependsOn": [],
                        "policy": {
                            "timeout": "7.00:00:00",
                            "retry": 0,
                            "retryIntervalInSeconds": 30,
                            "secureOutput": false,
                            "secureInput": false
                        },
                        "userProperties": [],
                        "typeProperties": {
                            "functionName": "NotificationSendtoEmail",
                            "method": "POST",
                            "headers": {},
                            "body": {
                                "value": "{\n    \"FunctionName\": \"Email\",\n    \"Data\":{\n  \"Subject\":\"@{pipeline().parameters.Subject}\",\n  \"Receivers\": @{pipeline().parameters.Receivers},\n  \"Message\":\"@{base64(pipeline().parameters.Details)}\"\n     }\n}",
                                "type": "Expression"
                            }
                        },
                        "linkedServiceName": {
                            "referenceName": "FunctionAppEmail",
                            "type": "LinkedServiceReference"
                        }
                    }
                ],
                "parameters": {
                    "Subject": {
                        "type": "string",
                        "defaultValue": "Success"
                    },
                    "Receivers": {
                        "type": "array",
                        "defaultValue": [
                            "eshaandevgan6@gmail.com"
                        ]
                    },
                    "Details": {
                        "type": "string",
                        "defaultValue": "Final"
                    }
                },
                "annotations": []
            },
            "dependsOn": [
                "[concat(variables('factoryId'), '/linkedServices/FunctionAppEmail')]"
            ]
        },
        {
            "name": "[concat(parameters('factoryName'), '/FinalTableCreations')]",
            "type": "Microsoft.DataFactory/factories/pipelines",
            "apiVersion": "2018-06-01",
            "properties": {
                "activities": [
                    {
                        "name": "Update Suppliers SCD2",
                        "type": "SqlServerStoredProcedure",
                        "dependsOn": [],
                        "policy": {
                            "timeout": "7.00:00:00",
                            "retry": 0,
                            "retryIntervalInSeconds": 30,
                            "secureOutput": false,
                            "secureInput": false
                        },
                        "userProperties": [],
                        "typeProperties": {
                            "storedProcedureName": "[[dbo].[Sp_suppliers]"
                        },
                        "linkedServiceName": {
                            "referenceName": "Analytics",
                            "type": "LinkedServiceReference"
                        }
                    },
                    {
                        "name": "Insert Fact Data from Orders",
                        "type": "SqlServerStoredProcedure",
                        "dependsOn": [
                            {
                                "activity": "Update Suppliers SCD2",
                                "dependencyConditions": [
                                    "Succeeded"
                                ]
                            }
                        ],
                        "policy": {
                            "timeout": "7.00:00:00",
                            "retry": 0,
                            "retryIntervalInSeconds": 30,
                            "secureOutput": false,
                            "secureInput": false
                        },
                        "userProperties": [],
                        "typeProperties": {
                            "storedProcedureName": "[[dbo].[FactOrdersInsert]"
                        },
                        "linkedServiceName": {
                            "referenceName": "Analytics",
                            "type": "LinkedServiceReference"
                        }
                    },
                    {
                        "name": "Log Analytics",
                        "type": "SqlServerStoredProcedure",
                        "dependsOn": [
                            {
                                "activity": "Insert Fact Data from Orders",
                                "dependencyConditions": [
                                    "Succeeded"
                                ]
                            }
                        ],
                        "policy": {
                            "timeout": "7.00:00:00",
                            "retry": 0,
                            "retryIntervalInSeconds": 30,
                            "secureOutput": false,
                            "secureInput": false
                        },
                        "userProperties": [],
                        "typeProperties": {
                            "storedProcedureName": "[[dbo].[sp_log_analytics]"
                        },
                        "linkedServiceName": {
                            "referenceName": "Analytics",
                            "type": "LinkedServiceReference"
                        }
                    }
                ],
                "folder": {
                    "name": "ProcessedDump"
                },
                "annotations": []
            },
            "dependsOn": [
                "[concat(variables('factoryId'), '/linkedServices/Analytics')]"
            ]
        },
        {
            "name": "[concat(parameters('factoryName'), '/AnalyticsTable')]",
            "type": "Microsoft.DataFactory/factories/datasets",
            "apiVersion": "2018-06-01",
            "properties": {
                "linkedServiceName": {
                    "referenceName": "Analytics",
                    "type": "LinkedServiceReference"
                },
                "parameters": {
                    "schemaName": {
                        "type": "string"
                    },
                    "tableName": {
                        "type": "string"
                    }
                },
                "folder": {
                    "name": "Common Datasets"
                },
                "annotations": [],
                "type": "AzureSqlTable",
                "schema": [],
                "typeProperties": {
                    "schema": {
                        "value": "@dataset().schemaName",
                        "type": "Expression"
                    },
                    "table": {
                        "value": "@dataset().tableName",
                        "type": "Expression"
                    }
                }
            },
            "dependsOn": [
                "[concat(variables('factoryId'), '/linkedServices/Analytics')]"
            ]
        },
        {
            "name": "[concat(parameters('factoryName'), '/AzureSqlTable')]",
            "type": "Microsoft.DataFactory/factories/datasets",
            "apiVersion": "2018-06-01",
            "properties": {
                "linkedServiceName": {
                    "referenceName": "AzureSqlDatabase",
                    "type": "LinkedServiceReference"
                },
                "parameters": {
                    "TableName": {
                        "type": "string"
                    },
                    "SchemaName": {
                        "type": "string",
                        "defaultValue": "dbo"
                    }
                },
                "folder": {
                    "name": "Common Datasets"
                },
                "annotations": [],
                "type": "AzureSqlTable",
                "schema": [],
                "typeProperties": {
                    "schema": {
                        "value": "@dataset().SchemaName",
                        "type": "Expression"
                    },
                    "table": {
                        "value": "@dataset().TableName",
                        "type": "Expression"
                    }
                }
            },
            "dependsOn": [
                "[concat(variables('factoryId'), '/linkedServices/AzureSqlDatabase')]"
            ]
        },
        {
            "name": "[concat(parameters('factoryName'), '/DelimitedText')]",
            "type": "Microsoft.DataFactory/factories/datasets",
            "apiVersion": "2018-06-01",
            "properties": {
                "linkedServiceName": {
                    "referenceName": "AzureBlobStorage",
                    "type": "LinkedServiceReference"
                },
                "parameters": {
                    "directory": {
                        "type": "string"
                    },
                    "file": {
                        "type": "string"
                    }
                },
                "folder": {
                    "name": "Common Datasets"
                },
                "annotations": [],
                "type": "DelimitedText",
                "typeProperties": {
                    "location": {
                        "type": "AzureBlobStorageLocation",
                        "fileName": {
                            "value": "@dataset().file",
                            "type": "Expression"
                        },
                        "folderPath": {
                            "value": "@dataset().directory",
                            "type": "Expression"
                        },
                        "container": "toptal"
                    },
                    "columnDelimiter": ",",
                    "escapeChar": "\\",
                    "firstRowAsHeader": true,
                    "quoteChar": "\""
                },
                "schema": []
            },
            "dependsOn": [
                "[concat(variables('factoryId'), '/linkedServices/AzureBlobStorage')]"
            ]
        },
        {
            "name": "[concat(parameters('factoryName'), '/DelimitedText_noFilePath')]",
            "type": "Microsoft.DataFactory/factories/datasets",
            "apiVersion": "2018-06-01",
            "properties": {
                "linkedServiceName": {
                    "referenceName": "AzureBlobStorage",
                    "type": "LinkedServiceReference"
                },
                "parameters": {
                    "directory": {
                        "type": "string"
                    }
                },
                "folder": {
                    "name": "Common Datasets"
                },
                "annotations": [],
                "type": "DelimitedText",
                "typeProperties": {
                    "location": {
                        "type": "AzureBlobStorageLocation",
                        "folderPath": {
                            "value": "@dataset().directory",
                            "type": "Expression"
                        },
                        "container": "toptal"
                    },
                    "columnDelimiter": ",",
                    "escapeChar": "\\",
                    "firstRowAsHeader": true,
                    "quoteChar": "\""
                },
                "schema": []
            },
            "dependsOn": [
                "[concat(variables('factoryId'), '/linkedServices/AzureBlobStorage')]"
            ]
        },
        {
            "name": "[concat(parameters('factoryName'), '/Excel_Sheet_Index')]",
            "type": "Microsoft.DataFactory/factories/datasets",
            "apiVersion": "2018-06-01",
            "properties": {
                "linkedServiceName": {
                    "referenceName": "AzureBlobStorage",
                    "type": "LinkedServiceReference"
                },
                "parameters": {
                    "sheetName": {
                        "type": "string"
                    },
                    "directory": {
                        "type": "string"
                    }
                },
                "folder": {
                    "name": "Common Datasets"
                },
                "annotations": [],
                "type": "Excel",
                "typeProperties": {
                    "location": {
                        "type": "AzureBlobStorageLocation",
                        "fileName": {
                            "value": "@dataset().sheetName",
                            "type": "Expression"
                        },
                        "folderPath": {
                            "value": "@dataset().directory",
                            "type": "Expression"
                        },
                        "container": "toptal"
                    },
                    "sheetIndex": 0,
                    "firstRowAsHeader": true
                },
                "schema": []
            },
            "dependsOn": [
                "[concat(variables('factoryId'), '/linkedServices/AzureBlobStorage')]"
            ]
        },
        {
            "name": "[concat(parameters('factoryName'), '/ErrorinDataNotification')]",
            "type": "Microsoft.DataFactory/factories/pipelines",
            "apiVersion": "2018-06-01",
            "properties": {
                "activities": [
                    {
                        "name": "If Files Did not failed",
                        "type": "IfCondition",
                        "dependsOn": [
                            {
                                "activity": "Final Error List in String Format",
                                "dependencyConditions": [
                                    "Succeeded"
                                ]
                            }
                        ],
                        "userProperties": [],
                        "typeProperties": {
                            "expression": {
                                "value": "@equals(int(activity('Combine Errors').output.count),0)",
                                "type": "Expression"
                            },
                            "ifFalseActivities": [
                                {
                                    "name": "Email Notification",
                                    "type": "ExecutePipeline",
                                    "dependsOn": [],
                                    "userProperties": [],
                                    "typeProperties": {
                                        "pipeline": {
                                            "referenceName": "Email Notification",
                                            "type": "PipelineReference"
                                        },
                                        "waitOnCompletion": true,
                                        "parameters": {
                                            "Subject": "Some Files Failed data Validation",
                                            "Receivers": {
                                                "value": "@pipeline().globalParameters.email",
                                                "type": "Expression"
                                            },
                                            "Details": {
                                                "value": "@concat('The below files failed the execution. ',variables('final_list'))",
                                                "type": "Expression"
                                            }
                                        }
                                    }
                                }
                            ]
                        }
                    },
                    {
                        "name": "Combine Errors",
                        "type": "Lookup",
                        "dependsOn": [],
                        "policy": {
                            "timeout": "7.00:00:00",
                            "retry": 0,
                            "retryIntervalInSeconds": 30,
                            "secureOutput": false,
                            "secureInput": false
                        },
                        "userProperties": [],
                        "typeProperties": {
                            "source": {
                                "type": "AzureSqlSource",
                                "sqlReaderQuery": {
                                    "value": "select error_name as data from dbo.error where created_date = cast('@{pipeline().parameters.triggeredOn}'\n as date)",
                                    "type": "Expression"
                                },
                                "queryTimeout": "02:00:00",
                                "partitionOption": "None"
                            },
                            "dataset": {
                                "referenceName": "AnalyticsTable",
                                "type": "DatasetReference",
                                "parameters": {
                                    "schemaName": "a",
                                    "tableName": "a"
                                }
                            },
                            "firstRowOnly": false
                        }
                    },
                    {
                        "name": "All Errors Combined",
                        "type": "ForEach",
                        "dependsOn": [
                            {
                                "activity": "Combine Errors",
                                "dependencyConditions": [
                                    "Succeeded"
                                ]
                            }
                        ],
                        "userProperties": [],
                        "typeProperties": {
                            "items": {
                                "value": "@activity('Combine Errors').output.value",
                                "type": "Expression"
                            },
                            "isSequential": true,
                            "activities": [
                                {
                                    "name": "Set the Failed Files List",
                                    "type": "AppendVariable",
                                    "dependsOn": [],
                                    "userProperties": [],
                                    "typeProperties": {
                                        "variableName": "errors_list",
                                        "value": {
                                            "value": "@item().data",
                                            "type": "Expression"
                                        }
                                    }
                                }
                            ]
                        }
                    },
                    {
                        "name": "Final Error List in String Format",
                        "type": "SetVariable",
                        "dependsOn": [
                            {
                                "activity": "All Errors Combined",
                                "dependencyConditions": [
                                    "Succeeded"
                                ]
                            }
                        ],
                        "userProperties": [],
                        "typeProperties": {
                            "variableName": "final_list",
                            "value": {
                                "value": "@join(variables('errors_list'),',')",
                                "type": "Expression"
                            }
                        }
                    }
                ],
                "parameters": {
                    "triggeredOn": {
                        "type": "string",
                        "defaultValue": "2021-04-07"
                    }
                },
                "variables": {
                    "row_count": {
                        "type": "String"
                    },
                    "errors_list": {
                        "type": "Array"
                    },
                    "final_list": {
                        "type": "String"
                    }
                },
                "annotations": []
            },
            "dependsOn": [
                "[concat(variables('factoryId'), '/datasets/AnalyticsTable')]",
                "[concat(variables('factoryId'), '/pipelines/Email Notification')]"
            ]
        },
        {
            "name": "[concat(parameters('factoryName'), '/CompaniesRefine')]",
            "type": "Microsoft.DataFactory/factories/dataflows",
            "apiVersion": "2018-06-01",
            "properties": {
                "folder": {
                    "name": "ErroneousCheck"
                },
                "type": "MappingDataFlow",
                "typeProperties": {
                    "sources": [
                        {
                            "dataset": {
                                "referenceName": "AzureSqlTable",
                                "type": "DatasetReference"
                            },
                            "name": "Companies"
                        }
                    ],
                    "sinks": [
                        {
                            "dataset": {
                                "referenceName": "AnalyticsTable",
                                "type": "DatasetReference"
                            },
                            "name": "invalidCompanies"
                        },
                        {
                            "dataset": {
                                "referenceName": "DelimitedText_noFilePath",
                                "type": "DatasetReference"
                            },
                            "name": "invalidDataLakeDump"
                        },
                        {
                            "dataset": {
                                "referenceName": "AnalyticsTable",
                                "type": "DatasetReference"
                            },
                            "name": "validcompaniesSQL"
                        }
                    ],
                    "transformations": [
                        {
                            "name": "ConditionalSplit1"
                        },
                        {
                            "name": "materialisingColumns",
                            "description": "Creates an explicit mapping for each drifted column"
                        },
                        {
                            "name": "AgrregateCheck"
                        },
                        {
                            "name": "ErrorInfo"
                        },
                        {
                            "name": "LimitColumns"
                        },
                        {
                            "name": "Upsert"
                        },
                        {
                            "name": "ConditionalSplit2"
                        }
                    ],
                    "script": "parameters{\n\ttableName as string,\n\ttriggeredOn as string\n}\nsource(allowSchemaDrift: true,\n\tvalidateSchema: false,\n\tisolationLevel: 'READ_UNCOMMITTED',\n\tformat: 'table',\n\tpartitionBy('hash', 1)) ~> Companies\nmaterialisingColumns split(isNull(cuit) || cuit=='',\n\tdisjoint: false) ~> ConditionalSplit1@(erroneousfiles, validfiles)\nCompanies derive(cuit = toString(byName('cuit')),\n\t\tcompany_name = toString(byName('company_name')),\n\t\tphone = toString(byName('phone')),\n\t\temail = toString(byName('email')),\n\t\tbilling_address = toString(byName('billing_address')),\n\t\tpostal_code = toString(byName('postal_code'))) ~> materialisingColumns\nConditionalSplit1@erroneousfiles aggregate(row_count = count()) ~> AgrregateCheck\nConditionalSplit2@errorRecordCame derive(error_name = concat($tableName,\" \",$triggeredOn),\n\t\tcreated_date = toDate($triggeredOn, 'yyyy-MM-dd')) ~> ErrorInfo\nErrorInfo select(mapColumn(\n\t\terror_name,\n\t\tcreated_date\n\t),\n\tskipDuplicateMapInputs: true,\n\tskipDuplicateMapOutputs: true) ~> LimitColumns\nConditionalSplit1@validfiles alterRow(upsertIf(true())) ~> Upsert\nAgrregateCheck split(row_count>0,\n\tdisjoint: false) ~> ConditionalSplit2@(errorRecordCame, noActionNeeded)\nLimitColumns sink(allowSchemaDrift: true,\n\tvalidateSchema: false,\n\tdeletable:false,\n\tinsertable:true,\n\tupdateable:false,\n\tupsertable:false,\n\tformat: 'table',\n\tmapColumn(\n\t\terror_name,\n\t\tcreated_date\n\t),\n\tpartitionBy('hash', 1),\n\tskipDuplicateMapInputs: true,\n\tsaveOrder: 1,\n\terrorHandlingOption: 'stopOnFirstError') ~> invalidCompanies\nConditionalSplit1@erroneousfiles sink(allowSchemaDrift: true,\n\tvalidateSchema: false,\n\tpartitionFileNames:[($tableName)],\n\tpartitionBy('hash', 1),\n\tskipDuplicateMapInputs: true,\n\tskipDuplicateMapOutputs: true) ~> invalidDataLakeDump\nUpsert sink(allowSchemaDrift: true,\n\tvalidateSchema: false,\n\tdeletable:false,\n\tinsertable:false,\n\tupdateable:false,\n\tupsertable:true,\n\tkeys:['cuit'],\n\tformat: 'table',\n\tpreSQLs:[(concat(concat('SET IDENTITY_INSERT ', $tableName),' ON'))],\n\tpostSQLs:[(concat(concat('SET IDENTITY_INSERT ', $tableName),' OFF'))],\n\tmapColumn(\n\t\tcuit,\n\t\tcompany_name,\n\t\tphone,\n\t\temail,\n\t\tbilling_address,\n\t\tpostal_code\n\t),\n\tpartitionBy('hash', 1),\n\tskipDuplicateMapInputs: true,\n\tskipDuplicateMapOutputs: true,\n\terrorHandlingOption: 'stopOnFirstError') ~> validcompaniesSQL"
                }
            },
            "dependsOn": [
                "[concat(variables('factoryId'), '/datasets/AzureSqlTable')]",
                "[concat(variables('factoryId'), '/datasets/AnalyticsTable')]",
                "[concat(variables('factoryId'), '/datasets/DelimitedText_noFilePath')]"
            ]
        },
        {
            "name": "[concat(parameters('factoryName'), '/CustomerRefine')]",
            "type": "Microsoft.DataFactory/factories/dataflows",
            "apiVersion": "2018-06-01",
            "properties": {
                "folder": {
                    "name": "ErroneousCheck"
                },
                "type": "MappingDataFlow",
                "typeProperties": {
                    "sources": [
                        {
                            "dataset": {
                                "referenceName": "AzureSqlTable",
                                "type": "DatasetReference"
                            },
                            "name": "Customers"
                        }
                    ],
                    "sinks": [
                        {
                            "dataset": {
                                "referenceName": "AnalyticsTable",
                                "type": "DatasetReference"
                            },
                            "name": "invalidCustomers"
                        },
                        {
                            "dataset": {
                                "referenceName": "DelimitedText_noFilePath",
                                "type": "DatasetReference"
                            },
                            "name": "invalidDataLakeDump"
                        },
                        {
                            "dataset": {
                                "referenceName": "AnalyticsTable",
                                "type": "DatasetReference"
                            },
                            "name": "validCustomersSQL"
                        }
                    ],
                    "transformations": [
                        {
                            "name": "errorData"
                        },
                        {
                            "name": "AgrregateCheck"
                        },
                        {
                            "name": "ErrorInfo"
                        },
                        {
                            "name": "LimitColumns"
                        },
                        {
                            "name": "Upsert"
                        },
                        {
                            "name": "materialisingColumns",
                            "description": "Creates an explicit mapping for each drifted column"
                        },
                        {
                            "name": "errorR"
                        }
                    ],
                    "script": "parameters{\n\ttableName as string,\n\ttriggeredOn as string\n}\nsource(allowSchemaDrift: true,\n\tvalidateSchema: false,\n\tisolationLevel: 'READ_UNCOMMITTED',\n\tformat: 'table',\n\tpartitionBy('hash', 1)) ~> Customers\nmaterialisingColumns split(isNull(customer_id) || customer_id==''||isNull(document_number) || document_number==''||isNull(full_name) || full_name==''||isNull(dob) || dob=='',\n\tdisjoint: false) ~> errorData@(erroneousfiles, validfiles)\nerrorData@erroneousfiles aggregate(row_count = count()) ~> AgrregateCheck\nerrorR@errorRecordCame derive(error_name = concat($tableName,' ',$triggeredOn),\n\t\tcreated_date = toDate($triggeredOn, 'yyyy-MM-dd')) ~> ErrorInfo\nErrorInfo select(mapColumn(\n\t\terror_name,\n\t\tcreated_date\n\t),\n\tskipDuplicateMapInputs: true,\n\tskipDuplicateMapOutputs: true) ~> LimitColumns\nerrorData@validfiles alterRow(upsertIf(true()),\n\tpartitionBy('hash', 1)) ~> Upsert\nCustomers derive(customer_id = toString(byName('customer_id')),\n\t\tdocument_number = toString(byName('document_number')),\n\t\tfull_name = toString(byName('full_name')),\n\t\tdob = toString(byName('dob')),\n\t\tphone = toString(byName('phone')),\n\t\temail = toString(byName('email')),\n\t\tbilling_address = toString(byName('billing_address')),\n\t\tpostal_code = toString(byName('postal_code'))) ~> materialisingColumns\nAgrregateCheck split(row_count>0,\n\tdisjoint: false) ~> errorR@(errorRecordCame, noActionNeeded)\nLimitColumns sink(allowSchemaDrift: true,\n\tvalidateSchema: false,\n\tdeletable:false,\n\tinsertable:true,\n\tupdateable:false,\n\tupsertable:false,\n\tformat: 'table',\n\tmapColumn(\n\t\terror_name,\n\t\tcreated_date\n\t),\n\tpartitionBy('hash', 1),\n\tskipDuplicateMapInputs: true,\n\tsaveOrder: 0,\n\terrorHandlingOption: 'stopOnFirstError') ~> invalidCustomers\nerrorData@erroneousfiles sink(allowSchemaDrift: true,\n\tvalidateSchema: false,\n\tpartitionFileNames:[($tableName)],\n\tpartitionBy('hash', 1),\n\tskipDuplicateMapInputs: true,\n\tskipDuplicateMapOutputs: true) ~> invalidDataLakeDump\nUpsert sink(allowSchemaDrift: true,\n\tvalidateSchema: false,\n\tdeletable:false,\n\tinsertable:true,\n\tupdateable:false,\n\tupsertable:true,\n\tkeys:['customer_id'],\n\tformat: 'table',\n\tpreSQLs:[(concat(concat('SET IDENTITY_INSERT ', $tableName),' ON'))],\n\tpostSQLs:[(concat(concat('SET IDENTITY_INSERT ', $tableName),' OFF'))],\n\tmapColumn(\n\t\tcustomer_id,\n\t\tdocument_number,\n\t\tfull_name,\n\t\tdob,\n\t\tphone,\n\t\temail,\n\t\tbilling_address,\n\t\tpostal_code\n\t),\n\tpartitionBy('hash', 1),\n\tskipDuplicateMapInputs: true,\n\tskipDuplicateMapOutputs: true,\n\terrorHandlingOption: 'stopOnFirstError') ~> validCustomersSQL"
                }
            },
            "dependsOn": [
                "[concat(variables('factoryId'), '/datasets/AzureSqlTable')]",
                "[concat(variables('factoryId'), '/datasets/AnalyticsTable')]",
                "[concat(variables('factoryId'), '/datasets/DelimitedText_noFilePath')]"
            ]
        },
        {
            "name": "[concat(parameters('factoryName'), '/MarketingFile')]",
            "type": "Microsoft.DataFactory/factories/dataflows",
            "apiVersion": "2018-06-01",
            "properties": {
                "folder": {
                    "name": "MarketingFile"
                },
                "type": "MappingDataFlow",
                "typeProperties": {
                    "sources": [
                        {
                            "dataset": {
                                "referenceName": "Excel_Sheet_Index",
                                "type": "DatasetReference"
                            },
                            "name": "MarketingFile"
                        },
                        {
                            "dataset": {
                                "referenceName": "AzureSqlTable",
                                "type": "DatasetReference"
                            },
                            "name": "suppliers"
                        }
                    ],
                    "sinks": [
                        {
                            "dataset": {
                                "referenceName": "DelimitedText_noFilePath",
                                "type": "DatasetReference"
                            },
                            "name": "invalidRecords"
                        },
                        {
                            "dataset": {
                                "referenceName": "AnalyticsTable",
                                "type": "DatasetReference"
                            },
                            "name": "outputRecords"
                        },
                        {
                            "dataset": {
                                "referenceName": "DelimitedText_noFilePath",
                                "type": "DatasetReference"
                            },
                            "name": "storage"
                        },
                        {
                            "dataset": {
                                "referenceName": "AnalyticsTable",
                                "type": "DatasetReference"
                            },
                            "name": "Errors"
                        },
                        {
                            "dataset": {
                                "referenceName": "AnalyticsTable",
                                "type": "DatasetReference"
                            },
                            "name": "tempOutput"
                        }
                    ],
                    "transformations": [
                        {
                            "name": "mappingColumns",
                            "description": "Creates an explicit mapping for each drifted column"
                        },
                        {
                            "name": "ConditionalSplit1"
                        },
                        {
                            "name": "salesFlagandCreatedDate"
                        },
                        {
                            "name": "SuppliersJoin"
                        },
                        {
                            "name": "Rows"
                        },
                        {
                            "name": "FinalColumn"
                        },
                        {
                            "name": "FinalRenamedColumns"
                        },
                        {
                            "name": "ConditionalSplit2"
                        }
                    ],
                    "script": "parameters{\n\tfileName as string,\n\ttriggeredOn as string\n}\nsource(allowSchemaDrift: true,\n\tvalidateSchema: false,\n\tignoreNoFilesFound: false) ~> MarketingFile\nsource(output(\n\t\tsupplier_id as integer,\n\t\tcuit as integer,\n\t\tproduct_id as integer,\n\t\tprice as decimal(18,2),\n\t\tlast_modified as timestamp\n\t),\n\tallowSchemaDrift: true,\n\tvalidateSchema: false,\n\tisolationLevel: 'READ_UNCOMMITTED',\n\tquery: 'select * from dbo.suppliers ',\n\tformat: 'query') ~> suppliers\nMarketingFile derive(Id = toInteger(byName('Id')),\n\t\tQuote_Product_id = toInteger(byName('Quote_Product_id')),\n\t\tQuote_Price = toString(byName('Quote_Price')),\n\t\tQuote_Value = toString(byName('Quote_Value')),\n\t\tSale_flag = toString(byName('Sale_flag')),\n\t\tOrder_Id = toString(byName('Order_Id')),\n\t\tCustomer_Id = toInteger(byName('Customer_Id')),\n\t\tCompany_Id = toInteger(byName('Company_Id')),\n\t\tCreated_Date = toString(byName('Created_Date'))) ~> mappingColumns\nSuppliersJoin split(isNull(Id)||isNull(Quote_Product_id)||isNull(Quote_Price)||isNull(supplier_id),\n\tdisjoint: false) ~> ConditionalSplit1@(invalidRecords, validRecords)\nmappingColumns derive(Sale_flag = iif(Sale_flag=='true', 1, 0),\n\t\tCreated_Date = toDate(Created_Date,'yyyy-MM-dd')) ~> salesFlagandCreatedDate\nsalesFlagandCreatedDate, suppliers join(Quote_Product_id == product_id\n\t&& Company_Id == cuit,\n\tjoinType:'left',\n\tbroadcast: 'auto')~> SuppliersJoin\nConditionalSplit1@invalidRecords aggregate(row_count = count()) ~> Rows\nConditionalSplit2@ErrorOccured derive(FinalColumn = $fileName,\n\t\tcreated_date = toDate($triggeredOn, 'yyyy-MM-dd')) ~> FinalColumn\nFinalColumn select(mapColumn(\n\t\terror_name = FinalColumn,\n\t\tcurrent_date = created_date\n\t),\n\tskipDuplicateMapInputs: true,\n\tskipDuplicateMapOutputs: true) ~> FinalRenamedColumns\nRows split(row_count!=0,\n\tdisjoint: false) ~> ConditionalSplit2@(ErrorOccured, NoError)\nConditionalSplit1@invalidRecords sink(allowSchemaDrift: true,\n\tvalidateSchema: false,\n\tpartitionFileNames:[(concat('invalid',$fileName))],\n\tpartitionBy('hash', 1),\n\tskipDuplicateMapInputs: true,\n\tskipDuplicateMapOutputs: true) ~> invalidRecords\nConditionalSplit1@validRecords sink(allowSchemaDrift: true,\n\tvalidateSchema: false,\n\tdeletable:false,\n\tinsertable:true,\n\tupdateable:false,\n\tupsertable:false,\n\ttruncate:true,\n\tformat: 'table',\n\tpartitionBy('hash', 1),\n\tskipDuplicateMapInputs: true,\n\tskipDuplicateMapOutputs: true,\n\terrorHandlingOption: 'stopOnFirstError') ~> outputRecords\nConditionalSplit1@validRecords sink(allowSchemaDrift: true,\n\tvalidateSchema: false,\n\tpartitionFileNames:[($fileName)],\n\tpartitionBy('hash', 1),\n\tskipDuplicateMapInputs: true,\n\tskipDuplicateMapOutputs: true) ~> storage\nFinalRenamedColumns sink(allowSchemaDrift: true,\n\tvalidateSchema: false,\n\tdeletable:false,\n\tinsertable:true,\n\tupdateable:false,\n\tupsertable:false,\n\tformat: 'table',\n\tskipDuplicateMapInputs: true,\n\tskipDuplicateMapOutputs: true,\n\terrorHandlingOption: 'stopOnFirstError') ~> Errors\nConditionalSplit1@validRecords sink(allowSchemaDrift: true,\n\tvalidateSchema: false,\n\tdeletable:false,\n\tinsertable:true,\n\tupdateable:false,\n\tupsertable:false,\n\tformat: 'table',\n\tpreSQLs:['Truncate table stg.marketing'],\n\tskipDuplicateMapInputs: true,\n\tskipDuplicateMapOutputs: true,\n\terrorHandlingOption: 'stopOnFirstError') ~> tempOutput"
                }
            },
            "dependsOn": [
                "[concat(variables('factoryId'), '/datasets/Excel_Sheet_Index')]",
                "[concat(variables('factoryId'), '/datasets/AzureSqlTable')]",
                "[concat(variables('factoryId'), '/datasets/DelimitedText_noFilePath')]",
                "[concat(variables('factoryId'), '/datasets/AnalyticsTable')]"
            ]
        },
        {
            "name": "[concat(parameters('factoryName'), '/OrderStatus')]",
            "type": "Microsoft.DataFactory/factories/dataflows",
            "apiVersion": "2018-06-01",
            "properties": {
                "folder": {
                    "name": "ErroneousCheck"
                },
                "type": "MappingDataFlow",
                "typeProperties": {
                    "sources": [
                        {
                            "dataset": {
                                "referenceName": "AzureSqlTable",
                                "type": "DatasetReference"
                            },
                            "name": "OrderStatus"
                        }
                    ],
                    "sinks": [
                        {
                            "dataset": {
                                "referenceName": "AnalyticsTable",
                                "type": "DatasetReference"
                            },
                            "name": "invalidOrderStatus"
                        },
                        {
                            "dataset": {
                                "referenceName": "DelimitedText_noFilePath",
                                "type": "DatasetReference"
                            },
                            "name": "invalidDataLakeDump"
                        },
                        {
                            "dataset": {
                                "referenceName": "AnalyticsTable",
                                "type": "DatasetReference"
                            },
                            "name": "validOrderStatusSQL"
                        }
                    ],
                    "transformations": [
                        {
                            "name": "ConditionalSplit1"
                        },
                        {
                            "name": "AgrregateCheck"
                        },
                        {
                            "name": "ErrorInfo"
                        },
                        {
                            "name": "LimitColumns"
                        },
                        {
                            "name": "materialisingColumns",
                            "description": "Creates an explicit mapping for each drifted column"
                        },
                        {
                            "name": "ConditionalSplit2"
                        }
                    ],
                    "script": "parameters{\n\ttableName as string,\n\ttriggeredOn as string\n}\nsource(output(\n\t\torder_id as long,\n\t\torder_status as string,\n\t\tcreated_time as timestamp\n\t),\n\tallowSchemaDrift: true,\n\tvalidateSchema: false,\n\tisolationLevel: 'READ_UNCOMMITTED',\n\tquery: (concat('select * from dbo.order_status where cast(created_time as date)=', \"'\",$triggeredOn,\"'\")),\n\tformat: 'query',\n\tpartitionBy('hash', 1)) ~> OrderStatus\nmaterialisingColumns split(isNull(order_id) || order_status=='' || isNull(created_time) || isNull(created_time),\n\tdisjoint: false) ~> ConditionalSplit1@(erroneousfiles, validfiles)\nConditionalSplit1@erroneousfiles aggregate(row_count = count()) ~> AgrregateCheck\nConditionalSplit2@ErrorCame derive(error_name = concat($tableName,' ',$triggeredOn),\n\t\tcreated_date = toDate($triggeredOn, 'yyyy-MM-dd')) ~> ErrorInfo\nErrorInfo select(mapColumn(\n\t\terror_name,\n\t\tcreated_date\n\t),\n\tskipDuplicateMapInputs: true,\n\tskipDuplicateMapOutputs: true) ~> LimitColumns\nOrderStatus derive(order_id = toString(byName('order_id')),\n\t\torder_status = toString(byName('order_status')),\n\t\tcreated_time = toString(byName('created_time'))) ~> materialisingColumns\nAgrregateCheck split(row_count!=0,\n\tdisjoint: false) ~> ConditionalSplit2@(ErrorCame, NoError)\nLimitColumns sink(allowSchemaDrift: true,\n\tvalidateSchema: false,\n\tdeletable:false,\n\tinsertable:true,\n\tupdateable:false,\n\tupsertable:false,\n\tformat: 'table',\n\tmapColumn(\n\t\terror_name,\n\t\tcreated_date\n\t),\n\tpartitionBy('hash', 1),\n\tskipDuplicateMapInputs: true,\n\tsaveOrder: 1,\n\terrorHandlingOption: 'stopOnFirstError') ~> invalidOrderStatus\nConditionalSplit1@erroneousfiles sink(allowSchemaDrift: true,\n\tvalidateSchema: false,\n\tpartitionFileNames:[($tableName)],\n\tpartitionBy('hash', 1),\n\tskipDuplicateMapInputs: true,\n\tskipDuplicateMapOutputs: true) ~> invalidDataLakeDump\nConditionalSplit1@validfiles sink(allowSchemaDrift: true,\n\tvalidateSchema: false,\n\tdeletable:false,\n\tinsertable:true,\n\tupdateable:false,\n\tupsertable:false,\n\tformat: 'table',\n\tmapColumn(\n\t\torder_id,\n\t\torder_status,\n\t\tcreated_time\n\t),\n\tpartitionBy('hash', 1),\n\tskipDuplicateMapInputs: true,\n\tskipDuplicateMapOutputs: true,\n\terrorHandlingOption: 'stopOnFirstError') ~> validOrderStatusSQL"
                }
            },
            "dependsOn": [
                "[concat(variables('factoryId'), '/datasets/AzureSqlTable')]",
                "[concat(variables('factoryId'), '/datasets/AnalyticsTable')]",
                "[concat(variables('factoryId'), '/datasets/DelimitedText_noFilePath')]"
            ]
        },
        {
            "name": "[concat(parameters('factoryName'), '/OrdersRefine')]",
            "type": "Microsoft.DataFactory/factories/dataflows",
            "apiVersion": "2018-06-01",
            "properties": {
                "folder": {
                    "name": "ErroneousCheck"
                },
                "type": "MappingDataFlow",
                "typeProperties": {
                    "sources": [
                        {
                            "dataset": {
                                "referenceName": "AzureSqlTable",
                                "type": "DatasetReference"
                            },
                            "name": "Orders"
                        }
                    ],
                    "sinks": [
                        {
                            "dataset": {
                                "referenceName": "AnalyticsTable",
                                "type": "DatasetReference"
                            },
                            "name": "invalidOrders"
                        },
                        {
                            "dataset": {
                                "referenceName": "DelimitedText_noFilePath",
                                "type": "DatasetReference"
                            },
                            "name": "invalidDataLakeDump"
                        },
                        {
                            "dataset": {
                                "referenceName": "AnalyticsTable",
                                "type": "DatasetReference"
                            },
                            "name": "validOrdersSQL"
                        },
                        {
                            "dataset": {
                                "referenceName": "AnalyticsTable",
                                "type": "DatasetReference"
                            },
                            "name": "validOrdersfinalTable"
                        }
                    ],
                    "transformations": [
                        {
                            "name": "ConditionalSplit1"
                        },
                        {
                            "name": "AgrregateCheck"
                        },
                        {
                            "name": "ErrorInfo"
                        },
                        {
                            "name": "LimitColumns"
                        },
                        {
                            "name": "materialisingColumns",
                            "description": "Creates an explicit mapping for each drifted column"
                        },
                        {
                            "name": "ConditionalSplit2"
                        }
                    ],
                    "script": "parameters{\n\ttableName as string,\n\ttriggeredOn as string\n}\nsource(allowSchemaDrift: true,\n\tvalidateSchema: false,\n\tisolationLevel: 'READ_UNCOMMITTED',\n\tquery: (concat('select * from orders where cast(created_time as date)=', \"'\",$triggeredOn,\"'\")),\n\tformat: 'query',\n\tpartitionBy('hash', 1)) ~> Orders\nmaterialisingColumns split(isNull(order_id) || order_id=='' || isNull(supplier_id) || (isNull(person_id) && isNull(company_id)) || (!isNull(person_id) && !isNull(company_id)),\n\tdisjoint: false) ~> ConditionalSplit1@(erroneousfiles, validfiles)\nConditionalSplit1@erroneousfiles aggregate(row_count = count()) ~> AgrregateCheck\nConditionalSplit2@ErrorCame derive(error_name = concat($tableName,' ',$triggeredOn),\n\t\tcreated_date = toDate($triggeredOn, 'yyyy-MM-dd')) ~> ErrorInfo\nErrorInfo select(mapColumn(\n\t\terror_name,\n\t\tcreated_date\n\t),\n\tskipDuplicateMapInputs: true,\n\tskipDuplicateMapOutputs: true) ~> LimitColumns\nOrders derive(order_id = toString(byName('order_id')),\n\t\tsupplier_id = toString(byName('supplier_id')),\n\t\tperson_id = toString(byName('customer_id')),\n\t\tcompany_id = toString(byName('company_id')),\n\t\tpayment_type = toString(byName('payment_type')),\n\t\tcreated_time = toString(byName('created_time')),\n\t\tmodified_time = toString(byName('modified_time')),\n\t\tquantity = toString(byName('quantity')),\n\t\ttransaction_amount = toString(byName('transaction_amount'))) ~> materialisingColumns\nAgrregateCheck split(row_count!=0,\n\tdisjoint: false) ~> ConditionalSplit2@(ErrorCame, NoError)\nLimitColumns sink(allowSchemaDrift: true,\n\tvalidateSchema: false,\n\tdeletable:false,\n\tinsertable:true,\n\tupdateable:false,\n\tupsertable:false,\n\tformat: 'table',\n\tmapColumn(\n\t\terror_name,\n\t\tcreated_date\n\t),\n\tpartitionBy('hash', 1),\n\tskipDuplicateMapInputs: true,\n\tsaveOrder: 1,\n\terrorHandlingOption: 'stopOnFirstError') ~> invalidOrders\nConditionalSplit1@erroneousfiles sink(allowSchemaDrift: true,\n\tvalidateSchema: false,\n\tpartitionFileNames:[($tableName)],\n\tpartitionBy('hash', 1),\n\tskipDuplicateMapInputs: true,\n\tskipDuplicateMapOutputs: true) ~> invalidDataLakeDump\nConditionalSplit1@validfiles sink(allowSchemaDrift: true,\n\tvalidateSchema: false,\n\tdeletable:false,\n\tinsertable:true,\n\tupdateable:false,\n\tupsertable:false,\n\tformat: 'table',\n\tpreSQLs:['SET IDENTITY_INSERT stg.orders ON;\\nTRUNCATE TABLE \\nstg.orders;'],\n\tpostSQLs:['SET IDENTITY_INSERT  stg.orders OFF;'],\n\tmapColumn(\n\t\torder_id,\n\t\tsupplier_id,\n\t\tperson_id,\n\t\tcompany_id,\n\t\tpayment_type,\n\t\tcreated_time,\n\t\tmodified_time,\n\t\tquantity,\n\t\ttransaction_amount\n\t),\n\tpartitionBy('hash', 1),\n\tskipDuplicateMapInputs: true,\n\tskipDuplicateMapOutputs: true,\n\terrorHandlingOption: 'stopOnFirstError') ~> validOrdersSQL\nConditionalSplit1@validfiles sink(allowSchemaDrift: true,\n\tvalidateSchema: false,\n\tdeletable:false,\n\tinsertable:true,\n\tupdateable:false,\n\tupsertable:false,\n\tformat: 'table',\n\tpreSQLs:['SET IDENTITY_INSERT dbo.orders ON;\\n'],\n\tpostSQLs:['SET IDENTITY_INSERT dbo.orders OFF;\\n'],\n\tskipDuplicateMapInputs: true,\n\tskipDuplicateMapOutputs: true,\n\terrorHandlingOption: 'stopOnFirstError') ~> validOrdersfinalTable"
                }
            },
            "dependsOn": [
                "[concat(variables('factoryId'), '/datasets/AzureSqlTable')]",
                "[concat(variables('factoryId'), '/datasets/AnalyticsTable')]",
                "[concat(variables('factoryId'), '/datasets/DelimitedText_noFilePath')]"
            ]
        },
        {
            "name": "[concat(parameters('factoryName'), '/ProductsRefine')]",
            "type": "Microsoft.DataFactory/factories/dataflows",
            "apiVersion": "2018-06-01",
            "properties": {
                "folder": {
                    "name": "ErroneousCheck"
                },
                "type": "MappingDataFlow",
                "typeProperties": {
                    "sources": [
                        {
                            "dataset": {
                                "referenceName": "AzureSqlTable",
                                "type": "DatasetReference"
                            },
                            "name": "Products"
                        }
                    ],
                    "sinks": [
                        {
                            "dataset": {
                                "referenceName": "AnalyticsTable",
                                "type": "DatasetReference"
                            },
                            "name": "invalidProducts"
                        },
                        {
                            "dataset": {
                                "referenceName": "DelimitedText_noFilePath",
                                "type": "DatasetReference"
                            },
                            "name": "invalidDataLakeDump"
                        },
                        {
                            "dataset": {
                                "referenceName": "AnalyticsTable",
                                "type": "DatasetReference"
                            },
                            "name": "validProductsSQL"
                        }
                    ],
                    "transformations": [
                        {
                            "name": "ConditionalSplit1"
                        },
                        {
                            "name": "AgrregateCheck"
                        },
                        {
                            "name": "ErrorInfo"
                        },
                        {
                            "name": "LimitColumns"
                        },
                        {
                            "name": "Upsert"
                        },
                        {
                            "name": "materialisingColumns",
                            "description": "Creates an explicit mapping for each drifted column"
                        },
                        {
                            "name": "ConditionalSplit2"
                        }
                    ],
                    "script": "parameters{\n\ttableName as string,\n\ttriggeredOn as string\n}\nsource(allowSchemaDrift: true,\n\tvalidateSchema: false,\n\tisolationLevel: 'READ_UNCOMMITTED',\n\tformat: 'table',\n\tpartitionBy('hash', 1)) ~> Products\nmaterialisingColumns split(isNull(product_id) || product_id==''||isNull(product_name) || product_name==''||isNull(product_description) || product_description=='',\n\tdisjoint: false) ~> ConditionalSplit1@(erroneousfiles, validfiles)\nConditionalSplit1@erroneousfiles aggregate(row_count = count()) ~> AgrregateCheck\nConditionalSplit2@ErrorCame derive(error_name = concat($tableName,' ',$triggeredOn),\n\t\tcreated_date = toDate($triggeredOn, 'yyyy-MM-dd')) ~> ErrorInfo\nErrorInfo select(mapColumn(\n\t\terror_name,\n\t\tcreated_date\n\t),\n\tskipDuplicateMapInputs: true,\n\tskipDuplicateMapOutputs: true) ~> LimitColumns\nConditionalSplit1@validfiles alterRow(upsertIf(true()),\n\tpartitionBy('hash', 1)) ~> Upsert\nProducts derive(product_id = toString(byName('product_id')),\n\t\tproduct_name = toString(byName('product_name')),\n\t\tproduct_description = toString(byName('product_description'))) ~> materialisingColumns\nAgrregateCheck split(row_count!=0,\n\tdisjoint: false) ~> ConditionalSplit2@(ErrorCame, NoError)\nLimitColumns sink(allowSchemaDrift: true,\n\tvalidateSchema: false,\n\tdeletable:false,\n\tinsertable:true,\n\tupdateable:false,\n\tupsertable:false,\n\tformat: 'table',\n\tmapColumn(\n\t\terror_name,\n\t\tcreated_date\n\t),\n\tpartitionBy('hash', 1),\n\tskipDuplicateMapInputs: true,\n\tsaveOrder: 1,\n\terrorHandlingOption: 'stopOnFirstError') ~> invalidProducts\nConditionalSplit1@erroneousfiles sink(allowSchemaDrift: true,\n\tvalidateSchema: false,\n\tpartitionFileNames:[($tableName)],\n\tpartitionBy('hash', 1),\n\tskipDuplicateMapInputs: true,\n\tskipDuplicateMapOutputs: true) ~> invalidDataLakeDump\nUpsert sink(allowSchemaDrift: true,\n\tvalidateSchema: false,\n\tdeletable:false,\n\tinsertable:true,\n\tupdateable:false,\n\tupsertable:true,\n\tkeys:['product_id'],\n\tformat: 'table',\n\tpreSQLs:[(concat(concat('SET IDENTITY_INSERT ', $tableName),' ON'))],\n\tpostSQLs:[(concat(concat('SET IDENTITY_INSERT ', $tableName),' OFF'))],\n\tmapColumn(\n\t\tproduct_id,\n\t\tproduct_name,\n\t\tproduct_description\n\t),\n\tpartitionBy('hash', 1),\n\tskipDuplicateMapInputs: true,\n\tskipDuplicateMapOutputs: true,\n\terrorHandlingOption: 'stopOnFirstError') ~> validProductsSQL"
                }
            },
            "dependsOn": [
                "[concat(variables('factoryId'), '/datasets/AzureSqlTable')]",
                "[concat(variables('factoryId'), '/datasets/AnalyticsTable')]",
                "[concat(variables('factoryId'), '/datasets/DelimitedText_noFilePath')]"
            ]
        }
    ]
}