{
    "$schema": "http://schema.management.azure.com/schemas/2015-01-01/deploymentTemplate.json#",
    "contentVersion": "1.0.0.0",
    "parameters": {
        "factoryName": {
            "type": "string",
            "metadata": "Data Factory name",
            "defaultValue": "adf-toptal"
        },
        "DailyLoad_properties_Master Pipeline_parameters_triggerdOn": {
            "type": "string",
            "defaultValue": "@addHours(formatDateTime(trigger().startTime,'yyyy-MM-dd'),-24)"
        },
        "Historical Load_properties_pipeline_parameters_triggerdOn": {
            "type": "string",
            "defaultValue": "@formatDateTime(trigger().outputs.windowStartTime,'yyyy-MM-dd')"
        }
    },
    "variables": {
        "factoryId": "[concat('Microsoft.DataFactory/factories/', parameters('factoryName'))]"
    },
    "resources": [
        {
            "name": "[concat(parameters('factoryName'), '/SuppliersRefine')]",
            "type": "Microsoft.DataFactory/factories/dataflows",
            "apiVersion": "2018-06-01",
            "properties": {
                "folder": {
                    "name": "ErroneousCheck"
                },
                "type": "MappingDataFlow",
                "typeProperties": {
                    "sources": [
                        {
                            "dataset": {
                                "referenceName": "AzureSqlTable",
                                "type": "DatasetReference"
                            },
                            "name": "Suppliers"
                        }
                    ],
                    "sinks": [
                        {
                            "dataset": {
                                "referenceName": "AnalyticsTable",
                                "type": "DatasetReference"
                            },
                            "name": "invalidSuppliers"
                        },
                        {
                            "dataset": {
                                "referenceName": "DelimitedText_noFilePath",
                                "type": "DatasetReference"
                            },
                            "name": "invalidDataLakeDump"
                        },
                        {
                            "dataset": {
                                "referenceName": "AnalyticsTable",
                                "type": "DatasetReference"
                            },
                            "name": "validSuppliersSQL"
                        }
                    ],
                    "transformations": [
                        {
                            "name": "ConditionalSplit1"
                        },
                        {
                            "name": "AgrregateCheck"
                        },
                        {
                            "name": "ErrorInfo"
                        },
                        {
                            "name": "LimitColumns"
                        },
                        {
                            "name": "materialisingColumns",
                            "description": "Creates an explicit mapping for each drifted column"
                        },
                        {
                            "name": "ConditionalSplit2"
                        }
                    ],
                    "script": "parameters{\n\ttableName as string,\n\ttriggeredOn as string\n}\nsource(allowSchemaDrift: true,\n\tvalidateSchema: false,\n\tisolationLevel: 'READ_UNCOMMITTED',\n\tformat: 'table',\n\tpartitionBy('hash', 1)) ~> Suppliers\nmaterialisingColumns split(isNull(product_id) || product_id=='' || isNull(cuit) || isNull(supplier_id),\n\tdisjoint: false) ~> ConditionalSplit1@(erroneousfiles, validfiles)\nConditionalSplit1@erroneousfiles aggregate(row_count = count()) ~> AgrregateCheck\nConditionalSplit2@ErrorCame derive(error_name = concat($tableName,' ',$triggeredOn),\n\t\tcreated_date = toDate($triggeredOn, 'yyyy-MM-dd')) ~> ErrorInfo\nErrorInfo select(mapColumn(\n\t\terror_name,\n\t\tcreated_date\n\t),\n\tskipDuplicateMapInputs: true,\n\tskipDuplicateMapOutputs: true) ~> LimitColumns\nSuppliers derive(supplier_id = toString(byName('supplier_id')),\n\t\tcuit = toString(byName('cuit')),\n\t\tproduct_id = toString(byName('product_id')),\n\t\tprice = toString(byName('price')),\n\t\tlast_modified = toString(byName('last_modified'))) ~> materialisingColumns\nAgrregateCheck split(row_count!=0,\n\tdisjoint: false) ~> ConditionalSplit2@(ErrorCame, NoError)\nLimitColumns sink(allowSchemaDrift: true,\n\tvalidateSchema: false,\n\tdeletable:false,\n\tinsertable:true,\n\tupdateable:false,\n\tupsertable:false,\n\tformat: 'table',\n\tmapColumn(\n\t\terror_name,\n\t\tcreated_date\n\t),\n\tpartitionBy('hash', 1),\n\tskipDuplicateMapInputs: true,\n\tsaveOrder: 1,\n\terrorHandlingOption: 'stopOnFirstError') ~> invalidSuppliers\nConditionalSplit1@erroneousfiles sink(allowSchemaDrift: true,\n\tvalidateSchema: false,\n\tpartitionFileNames:[($tableName)],\n\tpartitionBy('hash', 1),\n\tskipDuplicateMapInputs: true,\n\tskipDuplicateMapOutputs: true) ~> invalidDataLakeDump\nConditionalSplit1@validfiles sink(allowSchemaDrift: true,\n\tvalidateSchema: false,\n\tdeletable:false,\n\tinsertable:true,\n\tupdateable:false,\n\tupsertable:false,\n\tformat: 'table',\n\tpreSQLs:['SET IDENTITY_INSERT stg.suppliers ON;\\nTRUNCATE TABLE \\nstg.suppliers;'],\n\tpostSQLs:[(concat(concat('SET IDENTITY_INSERT stg.', $tableName),' OFF'))],\n\tmapColumn(\n\t\tsupplier_id,\n\t\tcuit,\n\t\tproduct_id,\n\t\tprice,\n\t\tlast_modified\n\t),\n\tpartitionBy('hash', 1),\n\tskipDuplicateMapInputs: true,\n\tskipDuplicateMapOutputs: true,\n\terrorHandlingOption: 'stopOnFirstError') ~> validSuppliersSQL"
                }
            },
            "dependsOn": []
        },
        {
            "name": "[concat(parameters('factoryName'), '/ErroneousCheck')]",
            "type": "Microsoft.DataFactory/factories/pipelines",
            "apiVersion": "2018-06-01",
            "properties": {
                "activities": [
                    {
                        "name": "CompaniesRefine",
                        "type": "ExecuteDataFlow",
                        "dependsOn": [],
                        "policy": {
                            "timeout": "7.00:00:00",
                            "retry": 0,
                            "retryIntervalInSeconds": 30,
                            "secureOutput": false,
                            "secureInput": false
                        },
                        "userProperties": [],
                        "typeProperties": {
                            "dataflow": {
                                "referenceName": "CompaniesRefine",
                                "type": "DataFlowReference",
                                "parameters": {
                                    "tableName": "'companies'",
                                    "triggeredOn": {
                                        "value": "'@{pipeline().parameters.triggeredOn}'",
                                        "type": "Expression"
                                    }
                                },
                                "datasetParameters": {
                                    "Companies": {
                                        "TableName": "companies",
                                        "SchemaName": "dbo"
                                    },
                                    "invalidCompanies": {
                                        "schemaName": "dbo",
                                        "tableName": "error"
                                    },
                                    "invalidDataLakeDump": {
                                        "directory": {
                                            "value": "@concat('processed/',formatDateTime(pipeline().parameters.triggeredOn,'yyyy'),'/',formatDateTime(pipeline().parameters.triggeredOn,'MM'),'/',formatDateTime(pipeline().parameters.triggeredOn,'dd'),'/error/master')",
                                            "type": "Expression"
                                        }
                                    },
                                    "validcompaniesSQL": {
                                        "schemaName": "dbo",
                                        "tableName": "companies"
                                    }
                                }
                            },
                            "staging": {},
                            "integrationRuntime": {
                                "referenceName": "ComputeOptimized",
                                "type": "IntegrationRuntimeReference"
                            },
                            "traceLevel": "Fine"
                        }
                    },
                    {
                        "name": "CustomersRefine",
                        "type": "ExecuteDataFlow",
                        "dependsOn": [],
                        "policy": {
                            "timeout": "7.00:00:00",
                            "retry": 0,
                            "retryIntervalInSeconds": 30,
                            "secureOutput": false,
                            "secureInput": false
                        },
                        "userProperties": [],
                        "typeProperties": {
                            "dataflow": {
                                "referenceName": "CustomerRefine",
                                "type": "DataFlowReference",
                                "parameters": {
                                    "tableName": "'customers'",
                                    "triggeredOn": {
                                        "value": "'@{pipeline().parameters.triggeredOn}'",
                                        "type": "Expression"
                                    }
                                },
                                "datasetParameters": {
                                    "Customers": {
                                        "TableName": "customers",
                                        "SchemaName": "dbo"
                                    },
                                    "invalidCustomers": {
                                        "schemaName": "dbo",
                                        "tableName": "error"
                                    },
                                    "invalidDataLakeDump": {
                                        "directory": {
                                            "value": "@concat('processed/',formatDateTime(pipeline().parameters.triggeredOn,'yyyy'),'/',formatDateTime(pipeline().parameters.triggeredOn,'MM'),'/',formatDateTime(pipeline().parameters.triggeredOn,'dd'),'/error/master')",
                                            "type": "Expression"
                                        }
                                    },
                                    "validCustomersSQL": {
                                        "schemaName": "dbo",
                                        "tableName": "customers"
                                    }
                                }
                            },
                            "staging": {},
                            "integrationRuntime": {
                                "referenceName": "ComputeOptimized",
                                "type": "IntegrationRuntimeReference"
                            },
                            "traceLevel": "Fine"
                        }
                    },
                    {
                        "name": "OrderStatus",
                        "type": "ExecuteDataFlow",
                        "dependsOn": [],
                        "policy": {
                            "timeout": "7.00:00:00",
                            "retry": 0,
                            "retryIntervalInSeconds": 30,
                            "secureOutput": false,
                            "secureInput": false
                        },
                        "userProperties": [],
                        "typeProperties": {
                            "dataflow": {
                                "referenceName": "OrderStatus",
                                "type": "DataFlowReference",
                                "parameters": {
                                    "tableName": "'order_status'",
                                    "triggeredOn": {
                                        "value": "'@{pipeline().parameters.triggeredOn}'",
                                        "type": "Expression"
                                    }
                                },
                                "datasetParameters": {
                                    "OrderStatus": {
                                        "TableName": "order_status",
                                        "SchemaName": "dbo"
                                    },
                                    "invalidOrderStatus": {
                                        "schemaName": "dbo",
                                        "tableName": "error"
                                    },
                                    "invalidDataLakeDump": {
                                        "directory": {
                                            "value": "@concat('processed/',formatDateTime(pipeline().parameters.triggeredOn,'yyyy'),'/',formatDateTime(pipeline().parameters.triggeredOn,'MM'),'/',formatDateTime(pipeline().parameters.triggeredOn,'dd'),'/error/transactional')",
                                            "type": "Expression"
                                        }
                                    },
                                    "validOrderStatusSQL": {
                                        "schemaName": "dbo",
                                        "tableName": "order_status"
                                    }
                                }
                            },
                            "staging": {},
                            "integrationRuntime": {
                                "referenceName": "ComputeOptimized",
                                "type": "IntegrationRuntimeReference"
                            },
                            "traceLevel": "Fine"
                        }
                    },
                    {
                        "name": "ProductsRefine",
                        "type": "ExecuteDataFlow",
                        "dependsOn": [],
                        "policy": {
                            "timeout": "7.00:00:00",
                            "retry": 0,
                            "retryIntervalInSeconds": 30,
                            "secureOutput": false,
                            "secureInput": false
                        },
                        "userProperties": [],
                        "typeProperties": {
                            "dataflow": {
                                "referenceName": "ProductsRefine",
                                "type": "DataFlowReference",
                                "parameters": {
                                    "tableName": "'products'",
                                    "triggeredOn": {
                                        "value": "'@{pipeline().parameters.triggeredOn}'",
                                        "type": "Expression"
                                    }
                                },
                                "datasetParameters": {
                                    "Products": {
                                        "TableName": "products",
                                        "SchemaName": "dbo"
                                    },
                                    "invalidProducts": {
                                        "schemaName": "dbo",
                                        "tableName": "error"
                                    },
                                    "invalidDataLakeDump": {
                                        "directory": {
                                            "value": "@concat('processed/',formatDateTime(pipeline().parameters.triggeredOn,'yyyy'),'/',formatDateTime(pipeline().parameters.triggeredOn,'MM'),'/',formatDateTime(pipeline().parameters.triggeredOn,'dd'),'/error/master')",
                                            "type": "Expression"
                                        }
                                    },
                                    "validProductsSQL": {
                                        "schemaName": "dbo",
                                        "tableName": "products"
                                    }
                                }
                            },
                            "staging": {},
                            "integrationRuntime": {
                                "referenceName": "ComputeOptimized",
                                "type": "IntegrationRuntimeReference"
                            },
                            "traceLevel": "Fine"
                        }
                    },
                    {
                        "name": "SuppliersRefine",
                        "type": "ExecuteDataFlow",
                        "dependsOn": [],
                        "policy": {
                            "timeout": "7.00:00:00",
                            "retry": 0,
                            "retryIntervalInSeconds": 30,
                            "secureOutput": false,
                            "secureInput": false
                        },
                        "userProperties": [],
                        "typeProperties": {
                            "dataflow": {
                                "referenceName": "SuppliersRefine",
                                "type": "DataFlowReference",
                                "parameters": {
                                    "tableName": "'suppliers'",
                                    "triggeredOn": {
                                        "value": "'@{pipeline().parameters.triggeredOn}'",
                                        "type": "Expression"
                                    }
                                },
                                "datasetParameters": {
                                    "Suppliers": {
                                        "TableName": "suppliers",
                                        "SchemaName": "dbo"
                                    },
                                    "invalidSuppliers": {
                                        "schemaName": "dbo",
                                        "tableName": "error"
                                    },
                                    "invalidDataLakeDump": {
                                        "directory": {
                                            "value": "@concat('processed/',formatDateTime(pipeline().parameters.triggeredOn,'yyyy'),'/',formatDateTime(pipeline().parameters.triggeredOn,'MM'),'/',formatDateTime(pipeline().parameters.triggeredOn,'dd'),'/error/master')",
                                            "type": "Expression"
                                        }
                                    },
                                    "validSuppliersSQL": {
                                        "schemaName": "stg",
                                        "tableName": "suppliers"
                                    }
                                }
                            },
                            "staging": {},
                            "compute": {
                                "coreCount": 8,
                                "computeType": "General"
                            },
                            "traceLevel": "Fine"
                        }
                    },
                    {
                        "name": "OrdersRefine",
                        "type": "ExecuteDataFlow",
                        "dependsOn": [],
                        "policy": {
                            "timeout": "7.00:00:00",
                            "retry": 0,
                            "retryIntervalInSeconds": 30,
                            "secureOutput": false,
                            "secureInput": false
                        },
                        "userProperties": [],
                        "typeProperties": {
                            "dataflow": {
                                "referenceName": "OrdersRefine",
                                "type": "DataFlowReference",
                                "parameters": {
                                    "tableName": "'orders'",
                                    "triggeredOn": {
                                        "value": "'@{pipeline().parameters.triggeredOn}'",
                                        "type": "Expression"
                                    }
                                },
                                "datasetParameters": {
                                    "Orders": {
                                        "TableName": "orders",
                                        "SchemaName": "dbo"
                                    },
                                    "invalidOrders": {
                                        "schemaName": "dbo",
                                        "tableName": "error"
                                    },
                                    "invalidDataLakeDump": {
                                        "directory": {
                                            "value": "@concat('processed/',formatDateTime(pipeline().parameters.triggeredOn,'yyyy'),'/',formatDateTime(pipeline().parameters.triggeredOn,'MM'),'/',formatDateTime(pipeline().parameters.triggeredOn,'dd'),'/error/transactional')",
                                            "type": "Expression"
                                        }
                                    },
                                    "validOrdersSQL": {
                                        "schemaName": "stg",
                                        "tableName": "orders"
                                    },
                                    "validOrdersfinalTable": {
                                        "schemaName": "dbo",
                                        "tableName": "orders"
                                    }
                                }
                            },
                            "staging": {},
                            "integrationRuntime": {
                                "referenceName": "ComputeOptimized",
                                "type": "IntegrationRuntimeReference"
                            },
                            "traceLevel": "Fine"
                        }
                    }
                ],
                "parameters": {
                    "triggeredOn": {
                        "type": "string",
                        "defaultValue": "2021-05-16"
                    }
                },
                "folder": {
                    "name": "ProcessedDump"
                },
                "annotations": []
            },
            "dependsOn": [
                "[concat(variables('factoryId'), '/dataflows/SuppliersRefine')]"
            ]
        },
        {
            "name": "[concat(parameters('factoryName'), '/MarketingFile')]",
            "type": "Microsoft.DataFactory/factories/pipelines",
            "apiVersion": "2018-06-01",
            "properties": {
                "activities": [
                    {
                        "name": "File Names",
                        "type": "GetMetadata",
                        "dependsOn": [],
                        "policy": {
                            "timeout": "7.00:00:00",
                            "retry": 0,
                            "retryIntervalInSeconds": 30,
                            "secureOutput": false,
                            "secureInput": false
                        },
                        "userProperties": [],
                        "typeProperties": {
                            "dataset": {
                                "referenceName": "DelimitedText",
                                "type": "DatasetReference",
                                "parameters": {
                                    "directory": "marketingfile/toprocess",
                                    "file": "Marketing*xlsx"
                                }
                            },
                            "fieldList": [
                                "childItems"
                            ],
                            "storeSettings": {
                                "type": "AzureBlobStorageReadSettings",
                                "recursive": true,
                                "enablePartitionDiscovery": false
                            },
                            "formatSettings": {
                                "type": "DelimitedTextReadSettings"
                            }
                        }
                    },
                    {
                        "name": "ForEachFile",
                        "type": "ForEach",
                        "dependsOn": [
                            {
                                "activity": "File Names",
                                "dependencyConditions": [
                                    "Succeeded"
                                ]
                            }
                        ],
                        "userProperties": [],
                        "typeProperties": {
                            "items": {
                                "value": "@activity('File Names').output.childItems",
                                "type": "Expression"
                            },
                            "isSequential": true,
                            "activities": [
                                {
                                    "name": "Remove",
                                    "type": "Delete",
                                    "dependsOn": [
                                        {
                                            "activity": "MarketingFile",
                                            "dependencyConditions": [
                                                "Succeeded"
                                            ]
                                        }
                                    ],
                                    "policy": {
                                        "timeout": "7.00:00:00",
                                        "retry": 0,
                                        "retryIntervalInSeconds": 30,
                                        "secureOutput": false,
                                        "secureInput": false
                                    },
                                    "userProperties": [],
                                    "typeProperties": {
                                        "dataset": {
                                            "referenceName": "Excel_Sheet_Index",
                                            "type": "DatasetReference",
                                            "parameters": {
                                                "sheetName": {
                                                    "value": "@item().name",
                                                    "type": "Expression"
                                                },
                                                "directory": "marketingfile/toprocess"
                                            }
                                        },
                                        "logStorageSettings": {
                                            "linkedServiceName": {
                                                "referenceName": "AzureBlobStorage",
                                                "type": "LinkedServiceReference"
                                            },
                                            "path": "marketingfile/archive"
                                        },
                                        "enableLogging": true,
                                        "storeSettings": {
                                            "type": "AzureBlobStorageReadSettings",
                                            "recursive": true,
                                            "enablePartitionDiscovery": false
                                        }
                                    }
                                },
                                {
                                    "name": "Failed",
                                    "type": "Delete",
                                    "dependsOn": [
                                        {
                                            "activity": "MarketingFile",
                                            "dependencyConditions": [
                                                "Failed"
                                            ]
                                        }
                                    ],
                                    "policy": {
                                        "timeout": "7.00:00:00",
                                        "retry": 0,
                                        "retryIntervalInSeconds": 30,
                                        "secureOutput": false,
                                        "secureInput": false
                                    },
                                    "userProperties": [],
                                    "typeProperties": {
                                        "dataset": {
                                            "referenceName": "Excel_Sheet_Index",
                                            "type": "DatasetReference",
                                            "parameters": {
                                                "sheetName": {
                                                    "value": "@item().name",
                                                    "type": "Expression"
                                                },
                                                "directory": "marketingfile/toprocess"
                                            }
                                        },
                                        "logStorageSettings": {
                                            "linkedServiceName": {
                                                "referenceName": "AzureBlobStorage",
                                                "type": "LinkedServiceReference"
                                            },
                                            "path": "marketingfile/failed"
                                        },
                                        "enableLogging": true,
                                        "storeSettings": {
                                            "type": "AzureBlobStorageReadSettings",
                                            "recursive": true,
                                            "enablePartitionDiscovery": false
                                        }
                                    }
                                },
                                {
                                    "name": "MarketingFile",
                                    "type": "ExecuteDataFlow",
                                    "dependsOn": [],
                                    "policy": {
                                        "timeout": "7.00:00:00",
                                        "retry": 0,
                                        "retryIntervalInSeconds": 30,
                                        "secureOutput": false,
                                        "secureInput": false
                                    },
                                    "userProperties": [],
                                    "typeProperties": {
                                        "dataflow": {
                                            "referenceName": "MarketingFile",
                                            "type": "DataFlowReference",
                                            "parameters": {
                                                "fileName": {
                                                    "value": "'@{item().name}'",
                                                    "type": "Expression"
                                                },
                                                "triggeredOn": {
                                                    "value": "'@{pipeline().parameters.triggeredOn}'",
                                                    "type": "Expression"
                                                }
                                            },
                                            "datasetParameters": {
                                                "MarketingFile": {
                                                    "sheetName": {
                                                        "value": "@item().name",
                                                        "type": "Expression"
                                                    },
                                                    "directory": "marketingfile/toprocess"
                                                },
                                                "suppliers": {
                                                    "TableName": "suppliers",
                                                    "SchemaName": "dbo"
                                                },
                                                "invalidRecords": {
                                                    "directory": {
                                                        "value": "@concat('processed/',formatDateTime(pipeline().parameters.triggeredOn,'yyyy'),'/',formatDateTime(pipeline().parameters.triggeredOn,'MM'),'/',formatDateTime(pipeline().parameters.triggeredOn,'dd'),'/marketingfile')",
                                                        "type": "Expression"
                                                    }
                                                },
                                                "outputRecords": {
                                                    "schemaName": "dbo",
                                                    "tableName": "marketing"
                                                },
                                                "storage": {
                                                    "directory": {
                                                        "value": "@concat('processed/',formatDateTime(pipeline().parameters.triggeredOn,'yyyy'),'/',formatDateTime(pipeline().parameters.triggeredOn,'MM'),'/',formatDateTime(pipeline().parameters.triggeredOn,'dd'),'/marketingfile')",
                                                        "type": "Expression"
                                                    }
                                                },
                                                "Errors": {
                                                    "schemaName": "dbo",
                                                    "tableName": "error"
                                                },
                                                "tempOutput": {
                                                    "schemaName": "stg",
                                                    "tableName": "marketing"
                                                }
                                            }
                                        },
                                        "staging": {},
                                        "integrationRuntime": {
                                            "referenceName": "ComputeOptimized",
                                            "type": "IntegrationRuntimeReference"
                                        },
                                        "traceLevel": "Fine"
                                    }
                                },
                                {
                                    "name": "Fact Marketing Insert",
                                    "type": "SqlServerStoredProcedure",
                                    "dependsOn": [
                                        {
                                            "activity": "MarketingFile",
                                            "dependencyConditions": [
                                                "Succeeded"
                                            ]
                                        }
                                    ],
                                    "policy": {
                                        "timeout": "7.00:00:00",
                                        "retry": 0,
                                        "retryIntervalInSeconds": 30,
                                        "secureOutput": false,
                                        "secureInput": false
                                    },
                                    "userProperties": [],
                                    "typeProperties": {
                                        "storedProcedureName": "[[dbo].[FactMarketingInsert]"
                                    },
                                    "linkedServiceName": {
                                        "referenceName": "Analytics",
                                        "type": "LinkedServiceReference"
                                    }
                                }
                            ]
                        }
                    },
                    {
                        "name": "Email Notification Success",
                        "type": "ExecutePipeline",
                        "dependsOn": [
                            {
                                "activity": "ForEachFile",
                                "dependencyConditions": [
                                    "Succeeded"
                                ]
                            }
                        ],
                        "userProperties": [],
                        "typeProperties": {
                            "pipeline": {
                                "referenceName": "Email Notification",
                                "type": "PipelineReference"
                            },
                            "waitOnCompletion": true,
                            "parameters": {
                                "Subject": "Success for Marketing File",
                                "Receivers": {
                                    "value": "@pipeline().globalParameters.email",
                                    "type": "Expression"
                                },
                                "Details": {
                                    "value": "{\n\t\"Data Factory Name\":\"@{pipeline().DataFactory}\",\n\t\"Pipeline RunID\":\"@{pipeline().RunId}\",\n\"Number of Files Processed\":\"@{length(activity('File Names').output.childItems)}\"\n}",
                                    "type": "Expression"
                                }
                            }
                        }
                    },
                    {
                        "name": "Email Notification Failure",
                        "type": "ExecutePipeline",
                        "dependsOn": [
                            {
                                "activity": "ForEachFile",
                                "dependencyConditions": [
                                    "Failed"
                                ]
                            }
                        ],
                        "userProperties": [],
                        "typeProperties": {
                            "pipeline": {
                                "referenceName": "Email Notification",
                                "type": "PipelineReference"
                            },
                            "waitOnCompletion": true,
                            "parameters": {
                                "Subject": "Failed",
                                "Receivers": {
                                    "value": "@pipeline().globalParameters.email",
                                    "type": "Expression"
                                },
                                "Details": {
                                    "value": "{\n\t\"Data Factory Name\":\"@{pipeline().DataFactory}\",\n\t\"Pipeline RunID\":\"@{pipeline().RunId}\"\n}",
                                    "type": "Expression"
                                }
                            }
                        }
                    }
                ],
                "parameters": {
                    "triggeredOn": {
                        "type": "string",
                        "defaultValue": "2021-05-16"
                    }
                },
                "folder": {
                    "name": "MarketingFile"
                },
                "annotations": []
            },
            "dependsOn": []
        },
        {
            "name": "[concat(parameters('factoryName'), '/Master Pipeline')]",
            "type": "Microsoft.DataFactory/factories/pipelines",
            "apiVersion": "2018-06-01",
            "properties": {
                "activities": [
                    {
                        "name": "ErroneousCheck",
                        "type": "ExecutePipeline",
                        "dependsOn": [],
                        "userProperties": [],
                        "typeProperties": {
                            "pipeline": {
                                "referenceName": "ErroneousCheck",
                                "type": "PipelineReference"
                            },
                            "waitOnCompletion": true,
                            "parameters": {
                                "triggeredOn": {
                                    "value": "@pipeline().parameters.triggerdOn",
                                    "type": "Expression"
                                }
                            }
                        }
                    },
                    {
                        "name": "FinalTableCreations",
                        "type": "ExecutePipeline",
                        "dependsOn": [
                            {
                                "activity": "ErroneousCheck",
                                "dependencyConditions": [
                                    "Succeeded"
                                ]
                            }
                        ],
                        "userProperties": [],
                        "typeProperties": {
                            "pipeline": {
                                "referenceName": "FinalTableCreations",
                                "type": "PipelineReference"
                            },
                            "waitOnCompletion": true,
                            "parameters": {}
                        }
                    },
                    {
                        "name": "Email Notification Failure",
                        "type": "ExecutePipeline",
                        "dependsOn": [
                            {
                                "activity": "ErroneousCheck",
                                "dependencyConditions": [
                                    "Failed"
                                ]
                            }
                        ],
                        "userProperties": [],
                        "typeProperties": {
                            "pipeline": {
                                "referenceName": "Email Notification",
                                "type": "PipelineReference"
                            },
                            "waitOnCompletion": true,
                            "parameters": {
                                "Subject": "Failed",
                                "Receivers": {
                                    "value": "@pipeline().globalParameters.email",
                                    "type": "Expression"
                                },
                                "Details": {
                                    "value": "{\n\"Error Message\": @{activity('ErroneousCheck').error.message},\n\"Data Factory\":@{pipeline().DataFactory}.\n\"Pipeline RunID\":@{pipeline().RunId}\n}",
                                    "type": "Expression"
                                }
                            }
                        }
                    },
                    {
                        "name": "Email Notification Success",
                        "type": "ExecutePipeline",
                        "dependsOn": [
                            {
                                "activity": "FinalTableCreations",
                                "dependencyConditions": [
                                    "Succeeded"
                                ]
                            }
                        ],
                        "userProperties": [],
                        "typeProperties": {
                            "pipeline": {
                                "referenceName": "Email Notification",
                                "type": "PipelineReference"
                            },
                            "waitOnCompletion": true,
                            "parameters": {
                                "Subject": "Success for the DB Pipeline",
                                "Receivers": {
                                    "value": "@pipeline().globalParameters.email",
                                    "type": "Expression"
                                },
                                "Details": {
                                    "value": "{\n\"Data Factory\" : @{pipeline().DataFactory},\n\"Pipeline RunID\" : @{pipeline().RunId},\n\"Run Date\":@{pipeline().parameters.triggerdOn}\n}",
                                    "type": "Expression"
                                }
                            }
                        }
                    },
                    {
                        "name": "Email Notification Failure Sp",
                        "type": "ExecutePipeline",
                        "dependsOn": [
                            {
                                "activity": "FinalTableCreations",
                                "dependencyConditions": [
                                    "Failed"
                                ]
                            }
                        ],
                        "userProperties": [],
                        "typeProperties": {
                            "pipeline": {
                                "referenceName": "Email Notification",
                                "type": "PipelineReference"
                            },
                            "waitOnCompletion": true,
                            "parameters": {
                                "Subject": "Failure happened in Stored Procedure Execution",
                                "Receivers": {
                                    "value": "@pipeline().globalParameters.email",
                                    "type": "Expression"
                                },
                                "Details": {
                                    "value": "{\n\"Error Message\": @{activity('ErroneousCheck').error.message},\n\"Data Factory\":@{pipeline().DataFactory}.\n\"Pipeline RunID\":@{pipeline().RunId}\n}",
                                    "type": "Expression"
                                }
                            }
                        }
                    },
                    {
                        "name": "ErrorinDataNotification",
                        "type": "ExecutePipeline",
                        "dependsOn": [
                            {
                                "activity": "FinalTableCreations",
                                "dependencyConditions": [
                                    "Succeeded"
                                ]
                            }
                        ],
                        "userProperties": [],
                        "typeProperties": {
                            "pipeline": {
                                "referenceName": "ErrorinDataNotification",
                                "type": "PipelineReference"
                            },
                            "waitOnCompletion": true,
                            "parameters": {
                                "triggeredOn": {
                                    "value": "@pipeline().parameters.triggerdOn",
                                    "type": "Expression"
                                }
                            }
                        }
                    },
                    {
                        "name": "MarketingFile",
                        "type": "ExecutePipeline",
                        "dependsOn": [],
                        "userProperties": [],
                        "typeProperties": {
                            "pipeline": {
                                "referenceName": "MarketingFile",
                                "type": "PipelineReference"
                            },
                            "waitOnCompletion": true,
                            "parameters": {
                                "triggeredOn": {
                                    "value": "@pipeline().parameters.triggerdOn",
                                    "type": "Expression"
                                }
                            }
                        }
                    }
                ],
                "parameters": {
                    "triggerdOn": {
                        "type": "string"
                    }
                },
                "annotations": []
            },
            "dependsOn": [
                "[concat(variables('factoryId'), '/pipelines/ErroneousCheck')]",
                "[concat(variables('factoryId'), '/pipelines/MarketingFile')]"
            ]
        },
        {
            "name": "[concat(parameters('factoryName'), '/DailyLoad')]",
            "type": "Microsoft.DataFactory/factories/triggers",
            "apiVersion": "2018-06-01",
            "properties": {
                "description": "Loads the data in the daily frequency",
                "annotations": [],
                "runtimeState": "Started",
                "pipelines": [
                    {
                        "pipelineReference": {
                            "referenceName": "Master Pipeline",
                            "type": "PipelineReference"
                        },
                        "parameters": {
                            "triggerdOn": "[parameters('DailyLoad_properties_Master Pipeline_parameters_triggerdOn')]"
                        }
                    }
                ],
                "type": "ScheduleTrigger",
                "typeProperties": {
                    "recurrence": {
                        "frequency": "Day",
                        "interval": 1,
                        "startTime": "2021-04-07T09:49:00",
                        "timeZone": "India Standard Time",
                        "schedule": {
                            "minutes": [
                                10
                            ],
                            "hours": [
                                0
                            ]
                        }
                    }
                }
            },
            "dependsOn": [
                "[concat(variables('factoryId'), '/pipelines/Master Pipeline')]"
            ]
        },
        {
            "name": "[concat(parameters('factoryName'), '/Historical Load')]",
            "type": "Microsoft.DataFactory/factories/triggers",
            "apiVersion": "2018-06-01",
            "properties": {
                "description": "Load all the Historical Data",
                "annotations": [],
                "runtimeState": "Started",
                "pipeline": {
                    "pipelineReference": {
                        "referenceName": "Master Pipeline",
                        "type": "PipelineReference"
                    },
                    "parameters": {
                        "triggerdOn": "[parameters('Historical Load_properties_pipeline_parameters_triggerdOn')]"
                    }
                },
                "type": "TumblingWindowTrigger",
                "typeProperties": {
                    "frequency": "Hour",
                    "interval": 24,
                    "startTime": "2021-04-04T02:38:00Z",
                    "endTime": "2021-04-07T02:38:00Z",
                    "delay": "00:00:00",
                    "maxConcurrency": 50,
                    "retryPolicy": {
                        "intervalInSeconds": 30
                    },
                    "dependsOn": []
                }
            },
            "dependsOn": [
                "[concat(variables('factoryId'), '/pipelines/Master Pipeline')]"
            ]
        }
    ]
}