{
    "$schema": "http://schema.management.azure.com/schemas/2015-01-01/deploymentTemplate.json#",
    "contentVersion": "1.0.0.0",
    "parameters": {
        "factoryName": {
            "type": "string",
            "metadata": "Data Factory name",
            "defaultValue": "adf-toptal"
        },
        "Analytics_connectionString": {
            "type": "secureString",
            "metadata": "Secure string for 'connectionString' of 'Analytics'"
        },
        "AzureBlobStorage_connectionString": {
            "type": "secureString",
            "metadata": "Secure string for 'connectionString' of 'AzureBlobStorage'"
        },
        "AzureSqlDatabase_connectionString": {
            "type": "secureString",
            "metadata": "Secure string for 'connectionString' of 'AzureSqlDatabase'"
        },
        "FunctionAppEmail_functionKey": {
            "type": "secureString",
            "metadata": "Secure string for 'functionKey' of 'FunctionAppEmail'"
        },
        "AzureKeyVault_properties_typeProperties_baseUrl": {
            "type": "string",
            "defaultValue": "https://toptalkeyvault.vault.azure.net/"
        },
        "FunctionAppEmail_properties_typeProperties_functionAppUrl": {
            "type": "string",
            "defaultValue": "https://notification-adf-azure.azurewebsites.net"
        },
        "DailyLoad_properties_Master Pipeline_parameters_triggerdOn": {
            "type": "string",
            "defaultValue": "@addHours(formatDateTime(trigger().startTime,'yyyy-MM-dd'),-24)"
        },
        "Historical Load_properties_pipeline_parameters_triggerdOn": {
            "type": "string",
            "defaultValue": "@formatDateTime(trigger().outputs.windowStartTime,'yyyy-MM-dd')"
        },
        "containerUri": {
            "type": "string",
            "metadata": "URI to storage account containing linked ARM templates"
        },
        "containerSasToken": {
            "type": "string",
            "metadata": "Sas token to storage account containing linked ARM templates"
        }
    },
    "variables": {
        "factoryId": "[concat('Microsoft.DataFactory/factories/', parameters('factoryName'))]"
    },
    "resources": [
        {
            "name": "adf-toptal_ArmTemplate_0",
            "type": "Microsoft.Resources/deployments",
            "apiVersion": "2018-02-01",
            "properties": {
                "mode": "incremental",
                "templateLink": {
                    "uri": "[concat(parameters('containerUri'), '/ArmTemplate_0.json', parameters('containerSasToken'))]",
                    "contentVersion": "1.0.0.0"
                },
                "parameters": {
                    "factoryName": {
                        "value": "[parameters('factoryName')]"
                    },
                    "Analytics_connectionString": {
                        "value": "[parameters('Analytics_connectionString')]"
                    },
                    "AzureBlobStorage_connectionString": {
                        "value": "[parameters('AzureBlobStorage_connectionString')]"
                    },
                    "AzureSqlDatabase_connectionString": {
                        "value": "[parameters('AzureSqlDatabase_connectionString')]"
                    },
                    "FunctionAppEmail_functionKey": {
                        "value": "[parameters('FunctionAppEmail_functionKey')]"
                    },
                    "AzureKeyVault_properties_typeProperties_baseUrl": {
                        "value": "[parameters('AzureKeyVault_properties_typeProperties_baseUrl')]"
                    },
                    "FunctionAppEmail_properties_typeProperties_functionAppUrl": {
                        "value": "[parameters('FunctionAppEmail_properties_typeProperties_functionAppUrl')]"
                    }
                }
            },
            "dependsOn": []
        },
        {
            "name": "adf-toptal_ArmTemplate_1",
            "type": "Microsoft.Resources/deployments",
            "apiVersion": "2018-02-01",
            "properties": {
                "mode": "incremental",
                "templateLink": {
                    "uri": "[concat(parameters('containerUri'), '/ArmTemplate_1.json', parameters('containerSasToken'))]",
                    "contentVersion": "1.0.0.0"
                },
                "parameters": {
                    "factoryName": {
                        "value": "[parameters('factoryName')]"
                    },
                    "DailyLoad_properties_Master Pipeline_parameters_triggerdOn": {
                        "value": "[parameters('DailyLoad_properties_Master Pipeline_parameters_triggerdOn')]"
                    },
                    "Historical Load_properties_pipeline_parameters_triggerdOn": {
                        "value": "[parameters('Historical Load_properties_pipeline_parameters_triggerdOn')]"
                    }
                }
            },
            "dependsOn": [
                "[resourceId('Microsoft.Resources/deployments', 'adf-toptal_ArmTemplate_0')]"
            ]
        }
    ]
}