{
	"name": "Email Notification",
	"properties": {
		"activities": [
			{
				"name": "EmailNotification",
				"type": "AzureFunctionActivity",
				"dependsOn": [],
				"policy": {
					"timeout": "7.00:00:00",
					"retry": 0,
					"retryIntervalInSeconds": 30,
					"secureOutput": false,
					"secureInput": false
				},
				"userProperties": [],
				"typeProperties": {
					"functionName": "NotificationSendtoEmail",
					"method": "POST",
					"body": {
						"value": "{\n    \"FunctionName\": \"Email\",\n    \"Data\":{\n  \"Subject\":\"@{pipeline().parameters.Subject}\",\n  \"Receivers\": @{pipeline().parameters.Receivers},\n  \"Message\":\"@{base64(pipeline().parameters.Details)}\"\n     }\n}",
						"type": "Expression"
					}
				},
				"linkedServiceName": {
					"referenceName": "FunctionAppEmail",
					"type": "LinkedServiceReference"
				}
			}
		],
		"parameters": {
			"Subject": {
				"type": "string",
				"defaultValue": "Success"
			},
			"Receivers": {
				"type": "array",
				"defaultValue": [
					"eshaandevgan6@gmail.com"
				]
			},
			"Details": {
				"type": "string",
				"defaultValue": "Final"
			}
		},
		"annotations": []
	}
}