{
	"name": "ErroneousCheck",
	"properties": {
		"activities": [
			{
				"name": "CompaniesRefine",
				"type": "ExecuteDataFlow",
				"dependsOn": [],
				"policy": {
					"timeout": "7.00:00:00",
					"retry": 0,
					"retryIntervalInSeconds": 30,
					"secureOutput": false,
					"secureInput": false
				},
				"userProperties": [],
				"typeProperties": {
					"dataflow": {
						"referenceName": "CompaniesRefine",
						"type": "DataFlowReference",
						"parameters": {
							"tableName": "'companies'",
							"triggeredOn": {
								"value": "'@{pipeline().parameters.triggeredOn}'",
								"type": "Expression"
							}
						},
						"datasetParameters": {
							"Companies": {
								"TableName": "companies",
								"SchemaName": "dbo"
							},
							"invalidCompanies": {
								"schemaName": "dbo",
								"tableName": "error"
							},
							"invalidDataLakeDump": {
								"directory": {
									"value": "@concat('processed/',formatDateTime(pipeline().parameters.triggeredOn,'yyyy'),'/',formatDateTime(pipeline().parameters.triggeredOn,'MM'),'/',formatDateTime(pipeline().parameters.triggeredOn,'dd'),'/error/master')",
									"type": "Expression"
								}
							},
							"validcompaniesSQL": {
								"schemaName": "dbo",
								"tableName": "companies"
							}
						}
					},
					"integrationRuntime": {
						"referenceName": "ComputeOptimized",
						"type": "IntegrationRuntimeReference"
					},
					"traceLevel": "Fine"
				}
			},
			{
				"name": "CustomersRefine",
				"type": "ExecuteDataFlow",
				"dependsOn": [],
				"policy": {
					"timeout": "7.00:00:00",
					"retry": 0,
					"retryIntervalInSeconds": 30,
					"secureOutput": false,
					"secureInput": false
				},
				"userProperties": [],
				"typeProperties": {
					"dataflow": {
						"referenceName": "CustomerRefine",
						"type": "DataFlowReference",
						"parameters": {
							"tableName": "'customers'",
							"triggeredOn": {
								"value": "'@{pipeline().parameters.triggeredOn}'",
								"type": "Expression"
							}
						},
						"datasetParameters": {
							"Customers": {
								"TableName": "customers",
								"SchemaName": "dbo"
							},
							"invalidCustomers": {
								"schemaName": "dbo",
								"tableName": "error"
							},
							"invalidDataLakeDump": {
								"directory": {
									"value": "@concat('processed/',formatDateTime(pipeline().parameters.triggeredOn,'yyyy'),'/',formatDateTime(pipeline().parameters.triggeredOn,'MM'),'/',formatDateTime(pipeline().parameters.triggeredOn,'dd'),'/error/master')",
									"type": "Expression"
								}
							},
							"validCustomersSQL": {
								"schemaName": "dbo",
								"tableName": "customers"
							}
						}
					},
					"integrationRuntime": {
						"referenceName": "ComputeOptimized",
						"type": "IntegrationRuntimeReference"
					},
					"traceLevel": "Fine"
				}
			},
			{
				"name": "OrderStatus",
				"type": "ExecuteDataFlow",
				"dependsOn": [],
				"policy": {
					"timeout": "7.00:00:00",
					"retry": 0,
					"retryIntervalInSeconds": 30,
					"secureOutput": false,
					"secureInput": false
				},
				"userProperties": [],
				"typeProperties": {
					"dataflow": {
						"referenceName": "OrderStatus",
						"type": "DataFlowReference",
						"parameters": {
							"tableName": "'order_status'",
							"triggeredOn": {
								"value": "'@{pipeline().parameters.triggeredOn}'",
								"type": "Expression"
							}
						},
						"datasetParameters": {
							"OrderStatus": {
								"TableName": "order_status",
								"SchemaName": "dbo"
							},
							"invalidOrderStatus": {
								"schemaName": "dbo",
								"tableName": "error"
							},
							"invalidDataLakeDump": {
								"directory": {
									"value": "@concat('processed/',formatDateTime(pipeline().parameters.triggeredOn,'yyyy'),'/',formatDateTime(pipeline().parameters.triggeredOn,'MM'),'/',formatDateTime(pipeline().parameters.triggeredOn,'dd'),'/error/transactional')",
									"type": "Expression"
								}
							},
							"validOrderStatusSQL": {
								"schemaName": "dbo",
								"tableName": "order_status"
							}
						}
					},
					"integrationRuntime": {
						"referenceName": "ComputeOptimized",
						"type": "IntegrationRuntimeReference"
					},
					"traceLevel": "Fine"
				}
			},
			{
				"name": "ProductsRefine",
				"type": "ExecuteDataFlow",
				"dependsOn": [],
				"policy": {
					"timeout": "7.00:00:00",
					"retry": 0,
					"retryIntervalInSeconds": 30,
					"secureOutput": false,
					"secureInput": false
				},
				"userProperties": [],
				"typeProperties": {
					"dataflow": {
						"referenceName": "ProductsRefine",
						"type": "DataFlowReference",
						"parameters": {
							"tableName": "'products'",
							"triggeredOn": {
								"value": "'@{pipeline().parameters.triggeredOn}'",
								"type": "Expression"
							}
						},
						"datasetParameters": {
							"Products": {
								"TableName": "products",
								"SchemaName": "dbo"
							},
							"invalidProducts": {
								"schemaName": "dbo",
								"tableName": "error"
							},
							"invalidDataLakeDump": {
								"directory": {
									"value": "@concat('processed/',formatDateTime(pipeline().parameters.triggeredOn,'yyyy'),'/',formatDateTime(pipeline().parameters.triggeredOn,'MM'),'/',formatDateTime(pipeline().parameters.triggeredOn,'dd'),'/error/master')",
									"type": "Expression"
								}
							},
							"validProductsSQL": {
								"schemaName": "dbo",
								"tableName": "products"
							}
						}
					},
					"integrationRuntime": {
						"referenceName": "ComputeOptimized",
						"type": "IntegrationRuntimeReference"
					},
					"traceLevel": "Fine"
				}
			},
			{
				"name": "SuppliersRefine",
				"type": "ExecuteDataFlow",
				"dependsOn": [],
				"policy": {
					"timeout": "7.00:00:00",
					"retry": 0,
					"retryIntervalInSeconds": 30,
					"secureOutput": false,
					"secureInput": false
				},
				"userProperties": [],
				"typeProperties": {
					"dataflow": {
						"referenceName": "SuppliersRefine",
						"type": "DataFlowReference",
						"parameters": {
							"tableName": "'suppliers'",
							"triggeredOn": {
								"value": "'@{pipeline().parameters.triggeredOn}'",
								"type": "Expression"
							}
						},
						"datasetParameters": {
							"Suppliers": {
								"TableName": "suppliers",
								"SchemaName": "dbo"
							},
							"invalidSuppliers": {
								"schemaName": "dbo",
								"tableName": "error"
							},
							"invalidDataLakeDump": {
								"directory": {
									"value": "@concat('processed/',formatDateTime(pipeline().parameters.triggeredOn,'yyyy'),'/',formatDateTime(pipeline().parameters.triggeredOn,'MM'),'/',formatDateTime(pipeline().parameters.triggeredOn,'dd'),'/error/master')",
									"type": "Expression"
								}
							},
							"validSuppliersSQL": {
								"schemaName": "stg",
								"tableName": "suppliers"
							}
						}
					},
					"compute": {
						"coreCount": 8,
						"computeType": "General"
					},
					"traceLevel": "Fine"
				}
			},
			{
				"name": "OrdersRefine",
				"type": "ExecuteDataFlow",
				"dependsOn": [],
				"policy": {
					"timeout": "7.00:00:00",
					"retry": 0,
					"retryIntervalInSeconds": 30,
					"secureOutput": false,
					"secureInput": false
				},
				"userProperties": [],
				"typeProperties": {
					"dataflow": {
						"referenceName": "OrdersRefine",
						"type": "DataFlowReference",
						"parameters": {
							"tableName": "'orders'",
							"triggeredOn": {
								"value": "'@{pipeline().parameters.triggeredOn}'",
								"type": "Expression"
							}
						},
						"datasetParameters": {
							"Orders": {
								"TableName": "orders",
								"SchemaName": "dbo"
							},
							"invalidOrders": {
								"schemaName": "dbo",
								"tableName": "error"
							},
							"invalidDataLakeDump": {
								"directory": {
									"value": "@concat('processed/',formatDateTime(pipeline().parameters.triggeredOn,'yyyy'),'/',formatDateTime(pipeline().parameters.triggeredOn,'MM'),'/',formatDateTime(pipeline().parameters.triggeredOn,'dd'),'/error/transactional')",
									"type": "Expression"
								}
							},
							"validOrdersSQL": {
								"schemaName": "stg",
								"tableName": "orders"
							},
							"validOrdersfinalTable": {
								"schemaName": "dbo",
								"tableName": "orders"
							}
						}
					},
					"integrationRuntime": {
						"referenceName": "ComputeOptimized",
						"type": "IntegrationRuntimeReference"
					},
					"traceLevel": "Fine"
				}
			}
		],
		"parameters": {
			"triggeredOn": {
				"type": "string",
				"defaultValue": "2021-05-16"
			}
		},
		"folder": {
			"name": "ProcessedDump"
		},
		"annotations": []
	}
}