{
	"name": "ErrorinDataNotification",
	"properties": {
		"activities": [
			{
				"name": "If Files Did not failed",
				"type": "IfCondition",
				"dependsOn": [
					{
						"activity": "Final Error List in String Format",
						"dependencyConditions": [
							"Succeeded"
						]
					}
				],
				"userProperties": [],
				"typeProperties": {
					"expression": {
						"value": "@equals(int(activity('Combine Errors').output.count),0)",
						"type": "Expression"
					},
					"ifFalseActivities": [
						{
							"name": "Email Notification",
							"type": "ExecutePipeline",
							"dependsOn": [],
							"userProperties": [],
							"typeProperties": {
								"pipeline": {
									"referenceName": "Email Notification",
									"type": "PipelineReference"
								},
								"waitOnCompletion": true,
								"parameters": {
									"Subject": "Some Files Failed data Validation",
									"Receivers": {
										"value": "@pipeline().globalParameters.email",
										"type": "Expression"
									},
									"Details": {
										"value": "@concat('The below files failed the execution. ',variables('final_list'))",
										"type": "Expression"
									}
								}
							}
						}
					]
				}
			},
			{
				"name": "Combine Errors",
				"type": "Lookup",
				"dependsOn": [],
				"policy": {
					"timeout": "7.00:00:00",
					"retry": 0,
					"retryIntervalInSeconds": 30,
					"secureOutput": false,
					"secureInput": false
				},
				"userProperties": [],
				"typeProperties": {
					"source": {
						"type": "AzureSqlSource",
						"sqlReaderQuery": {
							"value": "select error_name as data from dbo.error where created_date = cast('@{pipeline().parameters.triggeredOn}'\n as date)",
							"type": "Expression"
						},
						"queryTimeout": "02:00:00",
						"partitionOption": "None"
					},
					"dataset": {
						"referenceName": "AnalyticsTable",
						"type": "DatasetReference",
						"parameters": {
							"schemaName": "a",
							"tableName": "a"
						}
					},
					"firstRowOnly": false
				}
			},
			{
				"name": "All Errors Combined",
				"type": "ForEach",
				"dependsOn": [
					{
						"activity": "Combine Errors",
						"dependencyConditions": [
							"Succeeded"
						]
					}
				],
				"userProperties": [],
				"typeProperties": {
					"items": {
						"value": "@activity('Combine Errors').output.value",
						"type": "Expression"
					},
					"isSequential": true,
					"activities": [
						{
							"name": "Set the Failed Files List",
							"type": "AppendVariable",
							"dependsOn": [],
							"userProperties": [],
							"typeProperties": {
								"variableName": "errors_list",
								"value": {
									"value": "@item().data",
									"type": "Expression"
								}
							}
						}
					]
				}
			},
			{
				"name": "Final Error List in String Format",
				"type": "SetVariable",
				"dependsOn": [
					{
						"activity": "All Errors Combined",
						"dependencyConditions": [
							"Succeeded"
						]
					}
				],
				"userProperties": [],
				"typeProperties": {
					"variableName": "final_list",
					"value": {
						"value": "@join(variables('errors_list'),',')",
						"type": "Expression"
					}
				}
			}
		],
		"parameters": {
			"triggeredOn": {
				"type": "string",
				"defaultValue": "2021-04-07"
			}
		},
		"variables": {
			"row_count": {
				"type": "String"
			},
			"errors_list": {
				"type": "Array"
			},
			"final_list": {
				"type": "String"
			}
		},
		"annotations": []
	}
}