{
	"name": "FinalTableCreations",
	"properties": {
		"activities": [
			{
				"name": "Update Suppliers SCD2",
				"type": "SqlServerStoredProcedure",
				"dependsOn": [],
				"policy": {
					"timeout": "7.00:00:00",
					"retry": 0,
					"retryIntervalInSeconds": 30,
					"secureOutput": false,
					"secureInput": false
				},
				"userProperties": [],
				"typeProperties": {
					"storedProcedureName": "[dbo].[Sp_suppliers]"
				},
				"linkedServiceName": {
					"referenceName": "Analytics",
					"type": "LinkedServiceReference"
				}
			},
			{
				"name": "Insert Fact Data from Orders",
				"type": "SqlServerStoredProcedure",
				"dependsOn": [
					{
						"activity": "Update Suppliers SCD2",
						"dependencyConditions": [
							"Succeeded"
						]
					}
				],
				"policy": {
					"timeout": "7.00:00:00",
					"retry": 0,
					"retryIntervalInSeconds": 30,
					"secureOutput": false,
					"secureInput": false
				},
				"userProperties": [],
				"typeProperties": {
					"storedProcedureName": "[dbo].[FactOrdersInsert]"
				},
				"linkedServiceName": {
					"referenceName": "Analytics",
					"type": "LinkedServiceReference"
				}
			},
			{
				"name": "Log Analytics",
				"type": "SqlServerStoredProcedure",
				"dependsOn": [
					{
						"activity": "Insert Fact Data from Orders",
						"dependencyConditions": [
							"Succeeded"
						]
					}
				],
				"policy": {
					"timeout": "7.00:00:00",
					"retry": 0,
					"retryIntervalInSeconds": 30,
					"secureOutput": false,
					"secureInput": false
				},
				"userProperties": [],
				"typeProperties": {
					"storedProcedureName": "[dbo].[sp_log_analytics]"
				},
				"linkedServiceName": {
					"referenceName": "Analytics",
					"type": "LinkedServiceReference"
				}
			}
		],
		"folder": {
			"name": "ProcessedDump"
		},
		"annotations": []
	}
}