{
	"name": "MarketingFile",
	"properties": {
		"activities": [
			{
				"name": "File Names",
				"type": "GetMetadata",
				"dependsOn": [],
				"policy": {
					"timeout": "7.00:00:00",
					"retry": 0,
					"retryIntervalInSeconds": 30,
					"secureOutput": false,
					"secureInput": false
				},
				"userProperties": [],
				"typeProperties": {
					"dataset": {
						"referenceName": "DelimitedText",
						"type": "DatasetReference",
						"parameters": {
							"directory": "marketingfile/toprocess",
							"file": "Marketing*xlsx"
						}
					},
					"fieldList": [
						"childItems"
					],
					"storeSettings": {
						"type": "AzureBlobStorageReadSettings",
						"recursive": true,
						"enablePartitionDiscovery": false
					},
					"formatSettings": {
						"type": "DelimitedTextReadSettings"
					}
				}
			},
			{
				"name": "ForEachFile",
				"type": "ForEach",
				"dependsOn": [
					{
						"activity": "File Names",
						"dependencyConditions": [
							"Succeeded"
						]
					}
				],
				"userProperties": [],
				"typeProperties": {
					"items": {
						"value": "@activity('File Names').output.childItems",
						"type": "Expression"
					},
					"isSequential": true,
					"activities": [
						{
							"name": "Remove",
							"type": "Delete",
							"dependsOn": [
								{
									"activity": "MarketingFile",
									"dependencyConditions": [
										"Succeeded"
									]
								}
							],
							"policy": {
								"timeout": "7.00:00:00",
								"retry": 0,
								"retryIntervalInSeconds": 30,
								"secureOutput": false,
								"secureInput": false
							},
							"userProperties": [],
							"typeProperties": {
								"dataset": {
									"referenceName": "Excel_Sheet_Index",
									"type": "DatasetReference",
									"parameters": {
										"sheetName": {
											"value": "@item().name",
											"type": "Expression"
										},
										"directory": "marketingfile/toprocess"
									}
								},
								"logStorageSettings": {
									"linkedServiceName": {
										"referenceName": "AzureBlobStorage",
										"type": "LinkedServiceReference"
									},
									"path": "marketingfile/archive"
								},
								"enableLogging": true,
								"storeSettings": {
									"type": "AzureBlobStorageReadSettings",
									"recursive": true,
									"enablePartitionDiscovery": false
								}
							}
						},
						{
							"name": "Failed",
							"type": "Delete",
							"dependsOn": [
								{
									"activity": "MarketingFile",
									"dependencyConditions": [
										"Failed"
									]
								}
							],
							"policy": {
								"timeout": "7.00:00:00",
								"retry": 0,
								"retryIntervalInSeconds": 30,
								"secureOutput": false,
								"secureInput": false
							},
							"userProperties": [],
							"typeProperties": {
								"dataset": {
									"referenceName": "Excel_Sheet_Index",
									"type": "DatasetReference",
									"parameters": {
										"sheetName": {
											"value": "@item().name",
											"type": "Expression"
										},
										"directory": "marketingfile/toprocess"
									}
								},
								"logStorageSettings": {
									"linkedServiceName": {
										"referenceName": "AzureBlobStorage",
										"type": "LinkedServiceReference"
									},
									"path": "marketingfile/failed"
								},
								"enableLogging": true,
								"storeSettings": {
									"type": "AzureBlobStorageReadSettings",
									"recursive": true,
									"enablePartitionDiscovery": false
								}
							}
						},
						{
							"name": "MarketingFile",
							"type": "ExecuteDataFlow",
							"dependsOn": [],
							"policy": {
								"timeout": "7.00:00:00",
								"retry": 0,
								"retryIntervalInSeconds": 30,
								"secureOutput": false,
								"secureInput": false
							},
							"userProperties": [],
							"typeProperties": {
								"dataflow": {
									"referenceName": "MarketingFile",
									"type": "DataFlowReference",
									"parameters": {
										"fileName": {
											"value": "'@{item().name}'",
											"type": "Expression"
										},
										"triggeredOn": {
											"value": "'@{pipeline().parameters.triggeredOn}'",
											"type": "Expression"
										}
									},
									"datasetParameters": {
										"MarketingFile": {
											"sheetName": {
												"value": "@item().name",
												"type": "Expression"
											},
											"directory": "marketingfile/toprocess"
										},
										"suppliers": {
											"TableName": "suppliers",
											"SchemaName": "dbo"
										},
										"invalidRecords": {
											"directory": {
												"value": "@concat('processed/',formatDateTime(pipeline().parameters.triggeredOn,'yyyy'),'/',formatDateTime(pipeline().parameters.triggeredOn,'MM'),'/',formatDateTime(pipeline().parameters.triggeredOn,'dd'),'/marketingfile')",
												"type": "Expression"
											}
										},
										"outputRecords": {
											"schemaName": "dbo",
											"tableName": "marketing"
										},
										"storage": {
											"directory": {
												"value": "@concat('processed/',formatDateTime(pipeline().parameters.triggeredOn,'yyyy'),'/',formatDateTime(pipeline().parameters.triggeredOn,'MM'),'/',formatDateTime(pipeline().parameters.triggeredOn,'dd'),'/marketingfile')",
												"type": "Expression"
											}
										},
										"Errors": {
											"schemaName": "dbo",
											"tableName": "error"
										},
										"tempOutput": {
											"schemaName": "stg",
											"tableName": "marketing"
										}
									}
								},
								"integrationRuntime": {
									"referenceName": "ComputeOptimized",
									"type": "IntegrationRuntimeReference"
								},
								"traceLevel": "Fine"
							}
						},
						{
							"name": "Fact Marketing Insert",
							"type": "SqlServerStoredProcedure",
							"dependsOn": [
								{
									"activity": "MarketingFile",
									"dependencyConditions": [
										"Succeeded"
									]
								}
							],
							"policy": {
								"timeout": "7.00:00:00",
								"retry": 0,
								"retryIntervalInSeconds": 30,
								"secureOutput": false,
								"secureInput": false
							},
							"userProperties": [],
							"typeProperties": {
								"storedProcedureName": "[dbo].[FactMarketingInsert]"
							},
							"linkedServiceName": {
								"referenceName": "Analytics",
								"type": "LinkedServiceReference"
							}
						}
					]
				}
			},
			{
				"name": "Email Notification Success",
				"type": "ExecutePipeline",
				"dependsOn": [
					{
						"activity": "ForEachFile",
						"dependencyConditions": [
							"Succeeded"
						]
					}
				],
				"userProperties": [],
				"typeProperties": {
					"pipeline": {
						"referenceName": "Email Notification",
						"type": "PipelineReference"
					},
					"waitOnCompletion": true,
					"parameters": {
						"Subject": "Success for Marketing File",
						"Receivers": {
							"value": "@pipeline().globalParameters.email",
							"type": "Expression"
						},
						"Details": {
							"value": "{\n\t\"Data Factory Name\":\"@{pipeline().DataFactory}\",\n\t\"Pipeline RunID\":\"@{pipeline().RunId}\",\n\"Number of Files Processed\":\"@{length(activity('File Names').output.childItems)}\"\n}",
							"type": "Expression"
						}
					}
				}
			},
			{
				"name": "Email Notification Failure",
				"type": "ExecutePipeline",
				"dependsOn": [
					{
						"activity": "ForEachFile",
						"dependencyConditions": [
							"Failed"
						]
					}
				],
				"userProperties": [],
				"typeProperties": {
					"pipeline": {
						"referenceName": "Email Notification",
						"type": "PipelineReference"
					},
					"waitOnCompletion": true,
					"parameters": {
						"Subject": "Failed",
						"Receivers": {
							"value": "@pipeline().globalParameters.email",
							"type": "Expression"
						},
						"Details": {
							"value": "{\n\t\"Data Factory Name\":\"@{pipeline().DataFactory}\",\n\t\"Pipeline RunID\":\"@{pipeline().RunId}\"\n}",
							"type": "Expression"
						}
					}
				}
			}
		],
		"parameters": {
			"triggeredOn": {
				"type": "string",
				"defaultValue": "2021-05-16"
			}
		},
		"folder": {
			"name": "MarketingFile"
		},
		"annotations": []
	}
}