{
	"name": "Master Pipeline",
	"properties": {
		"activities": [
			{
				"name": "ErroneousCheck",
				"type": "ExecutePipeline",
				"dependsOn": [],
				"userProperties": [],
				"typeProperties": {
					"pipeline": {
						"referenceName": "ErroneousCheck",
						"type": "PipelineReference"
					},
					"waitOnCompletion": true,
					"parameters": {
						"triggeredOn": {
							"value": "@pipeline().parameters.triggerdOn",
							"type": "Expression"
						}
					}
				}
			},
			{
				"name": "FinalTableCreations",
				"type": "ExecutePipeline",
				"dependsOn": [
					{
						"activity": "ErroneousCheck",
						"dependencyConditions": [
							"Succeeded"
						]
					}
				],
				"userProperties": [],
				"typeProperties": {
					"pipeline": {
						"referenceName": "FinalTableCreations",
						"type": "PipelineReference"
					},
					"waitOnCompletion": true
				}
			},
			{
				"name": "Email Notification Failure",
				"type": "ExecutePipeline",
				"dependsOn": [
					{
						"activity": "ErroneousCheck",
						"dependencyConditions": [
							"Failed"
						]
					}
				],
				"userProperties": [],
				"typeProperties": {
					"pipeline": {
						"referenceName": "Email Notification",
						"type": "PipelineReference"
					},
					"waitOnCompletion": true,
					"parameters": {
						"Subject": "Failed",
						"Receivers": {
							"value": "@pipeline().globalParameters.email",
							"type": "Expression"
						},
						"Details": {
							"value": "{\n\"Error Message\": @{activity('ErroneousCheck').error.message},\n\"Data Factory\":@{pipeline().DataFactory}.\n\"Pipeline RunID\":@{pipeline().RunId}\n}",
							"type": "Expression"
						}
					}
				}
			},
			{
				"name": "Email Notification Success",
				"type": "ExecutePipeline",
				"dependsOn": [
					{
						"activity": "FinalTableCreations",
						"dependencyConditions": [
							"Succeeded"
						]
					}
				],
				"userProperties": [],
				"typeProperties": {
					"pipeline": {
						"referenceName": "Email Notification",
						"type": "PipelineReference"
					},
					"waitOnCompletion": true,
					"parameters": {
						"Subject": "Success for the DB Pipeline",
						"Receivers": {
							"value": "@pipeline().globalParameters.email",
							"type": "Expression"
						},
						"Details": {
							"value": "{\n\"Data Factory\" : @{pipeline().DataFactory},\n\"Pipeline RunID\" : @{pipeline().RunId},\n\"Run Date\":@{pipeline().parameters.triggerdOn}\n}",
							"type": "Expression"
						}
					}
				}
			},
			{
				"name": "Email Notification Failure Sp",
				"type": "ExecutePipeline",
				"dependsOn": [
					{
						"activity": "FinalTableCreations",
						"dependencyConditions": [
							"Failed"
						]
					}
				],
				"userProperties": [],
				"typeProperties": {
					"pipeline": {
						"referenceName": "Email Notification",
						"type": "PipelineReference"
					},
					"waitOnCompletion": true,
					"parameters": {
						"Subject": "Failure happened in Stored Procedure Execution",
						"Receivers": {
							"value": "@pipeline().globalParameters.email",
							"type": "Expression"
						},
						"Details": {
							"value": "{\n\"Error Message\": @{activity('ErroneousCheck').error.message},\n\"Data Factory\":@{pipeline().DataFactory}.\n\"Pipeline RunID\":@{pipeline().RunId}\n}",
							"type": "Expression"
						}
					}
				}
			},
			{
				"name": "ErrorinDataNotification",
				"type": "ExecutePipeline",
				"dependsOn": [
					{
						"activity": "FinalTableCreations",
						"dependencyConditions": [
							"Succeeded"
						]
					}
				],
				"userProperties": [],
				"typeProperties": {
					"pipeline": {
						"referenceName": "ErrorinDataNotification",
						"type": "PipelineReference"
					},
					"waitOnCompletion": true,
					"parameters": {
						"triggeredOn": {
							"value": "@pipeline().parameters.triggerdOn",
							"type": "Expression"
						}
					}
				}
			},
			{
				"name": "MarketingFile",
				"type": "ExecutePipeline",
				"dependsOn": [],
				"userProperties": [],
				"typeProperties": {
					"pipeline": {
						"referenceName": "MarketingFile",
						"type": "PipelineReference"
					},
					"waitOnCompletion": true,
					"parameters": {
						"triggeredOn": {
							"value": "@pipeline().parameters.triggerdOn",
							"type": "Expression"
						}
					}
				}
			}
		],
		"parameters": {
			"triggerdOn": {
				"type": "string"
			}
		},
		"annotations": []
	}
}