{
    "$schema": "http://schema.management.azure.com/schemas/2015-01-01/deploymentTemplate.json#",
    "contentVersion": "1.0.0.0",
    "parameters": {
        "factoryName": {
            "type": "string",
            "metadata": "Data Factory name",
            "defaultValue": "adf-toptal"
        },
        "dataFactory_properties_globalParameters_email_value": {
            "type": "array",
            "defaultValue": [
                "eshaandevgan9@gmail.com"
            ]
        },
        "dataFactory_location": {
            "type": "string",
            "defaultValue": "eastus"
        },
        "dataFactory_identity_type": {
            "type": "string",
            "defaultValue": "SystemAssigned"
        }
    },
    "variables": {
        "factoryId": "[concat('Microsoft.DataFactory/factories/', parameters('factoryName'))]"
    },
    "resources": [
        {
            "name": "[parameters('factoryName')]",
            "type": "Microsoft.DataFactory/factories",
            "apiVersion": "2018-06-01",
            "properties": {
                "globalParameters": {
                    "email": {
                        "type": "array",
                        "value": "[parameters('dataFactory_properties_globalParameters_email_value')]"
                    }
                }
            },
            "dependsOn": [],
            "location": "[parameters('dataFactory_location')]",
            "identity": {
                "type": "[parameters('dataFactory_identity_type')]",
                "principalId": "62a5f765-1a9a-4d12-b37c-3fe97fd377eb",
                "tenantId": "6f4b8516-41d1-4d79-a2da-48b646c8dc5f"
            }
        }
    ]
}