{
    "$schema": "https://schema.management.azure.com/schemas/2015-01-01/deploymentParameters.json#",
    "contentVersion": "1.0.0.0",
    "parameters": {
        "factoryName": {
            "value": "adf-toptal"
        },
        "dataFactory_properties_globalParameters_email_value": {
            "value": [
                "eshaandevgan9@gmail.com"
            ]
        },
        "dataFactory_location": {
            "value": "eastus"
        },
        "dataFactory_identity_type": {
            "value": "SystemAssigned"
        }
    }
}