{
	"name": "AnalyticsTable",
	"properties": {
		"linkedServiceName": {
			"referenceName": "Analytics",
			"type": "LinkedServiceReference"
		},
		"parameters": {
			"schemaName": {
				"type": "string"
			},
			"tableName": {
				"type": "string"
			}
		},
		"folder": {
			"name": "Common Datasets"
		},
		"annotations": [],
		"type": "AzureSqlTable",
		"schema": [],
		"typeProperties": {
			"schema": {
				"value": "@dataset().schemaName",
				"type": "Expression"
			},
			"table": {
				"value": "@dataset().tableName",
				"type": "Expression"
			}
		}
	}
}