{
	"name": "AzureSqlTable",
	"properties": {
		"linkedServiceName": {
			"referenceName": "AzureSqlDatabase",
			"type": "LinkedServiceReference"
		},
		"parameters": {
			"TableName": {
				"type": "string"
			},
			"SchemaName": {
				"type": "string",
				"defaultValue": "dbo"
			}
		},
		"folder": {
			"name": "Common Datasets"
		},
		"annotations": [],
		"type": "AzureSqlTable",
		"schema": [],
		"typeProperties": {
			"schema": {
				"value": "@dataset().SchemaName",
				"type": "Expression"
			},
			"table": {
				"value": "@dataset().TableName",
				"type": "Expression"
			}
		}
	}
}