{
	"name": "DelimitedText",
	"properties": {
		"linkedServiceName": {
			"referenceName": "AzureBlobStorage",
			"type": "LinkedServiceReference"
		},
		"parameters": {
			"directory": {
				"type": "string"
			},
			"file": {
				"type": "string"
			}
		},
		"folder": {
			"name": "Common Datasets"
		},
		"annotations": [],
		"type": "DelimitedText",
		"typeProperties": {
			"location": {
				"type": "AzureBlobStorageLocation",
				"fileName": {
					"value": "@dataset().file",
					"type": "Expression"
				},
				"folderPath": {
					"value": "@dataset().directory",
					"type": "Expression"
				},
				"container": "toptal"
			},
			"columnDelimiter": ",",
			"escapeChar": "\\",
			"firstRowAsHeader": true,
			"quoteChar": "\""
		},
		"schema": []
	}
}