{
	"name": "Excel_Sheet_Index",
	"properties": {
		"linkedServiceName": {
			"referenceName": "AzureBlobStorage",
			"type": "LinkedServiceReference"
		},
		"parameters": {
			"sheetName": {
				"type": "string"
			},
			"directory": {
				"type": "string"
			}
		},
		"folder": {
			"name": "Common Datasets"
		},
		"annotations": [],
		"type": "Excel",
		"typeProperties": {
			"location": {
				"type": "AzureBlobStorageLocation",
				"fileName": {
					"value": "@dataset().sheetName",
					"type": "Expression"
				},
				"folderPath": {
					"value": "@dataset().directory",
					"type": "Expression"
				},
				"container": "toptal"
			},
			"sheetIndex": 0,
			"firstRowAsHeader": true
		},
		"schema": []
	}
}