{
	"name": "CompaniesRefine",
	"properties": {
		"folder": {
			"name": "ErroneousCheck"
		},
		"type": "MappingDataFlow",
		"typeProperties": {
			"sources": [
				{
					"dataset": {
						"referenceName": "AzureSqlTable",
						"type": "DatasetReference"
					},
					"name": "Companies"
				}
			],
			"sinks": [
				{
					"dataset": {
						"referenceName": "AnalyticsTable",
						"type": "DatasetReference"
					},
					"name": "invalidCompanies"
				},
				{
					"dataset": {
						"referenceName": "DelimitedText_noFilePath",
						"type": "DatasetReference"
					},
					"name": "invalidDataLakeDump"
				},
				{
					"dataset": {
						"referenceName": "AnalyticsTable",
						"type": "DatasetReference"
					},
					"name": "validcompaniesSQL"
				}
			],
			"transformations": [
				{
					"name": "ConditionalSplit1"
				},
				{
					"name": "materialisingColumns",
					"description": "Creates an explicit mapping for each drifted column"
				},
				{
					"name": "AgrregateCheck"
				},
				{
					"name": "ErrorInfo"
				},
				{
					"name": "LimitColumns"
				},
				{
					"name": "Upsert"
				},
				{
					"name": "ConditionalSplit2"
				}
			],
			"script": "parameters{\n\ttableName as string,\n\ttriggeredOn as string\n}\nsource(allowSchemaDrift: true,\n\tvalidateSchema: false,\n\tisolationLevel: 'READ_UNCOMMITTED',\n\tformat: 'table',\n\tpartitionBy('hash', 1)) ~> Companies\nmaterialisingColumns split(isNull(cuit) || cuit=='',\n\tdisjoint: false) ~> ConditionalSplit1@(erroneousfiles, validfiles)\nCompanies derive(cuit = toString(byName('cuit')),\n\t\tcompany_name = toString(byName('company_name')),\n\t\tphone = toString(byName('phone')),\n\t\temail = toString(byName('email')),\n\t\tbilling_address = toString(byName('billing_address')),\n\t\tpostal_code = toString(byName('postal_code'))) ~> materialisingColumns\nConditionalSplit1@erroneousfiles aggregate(row_count = count()) ~> AgrregateCheck\nConditionalSplit2@errorRecordCame derive(error_name = concat($tableName,\" \",$triggeredOn),\n\t\tcreated_date = toDate($triggeredOn, 'yyyy-MM-dd')) ~> ErrorInfo\nErrorInfo select(mapColumn(\n\t\terror_name,\n\t\tcreated_date\n\t),\n\tskipDuplicateMapInputs: true,\n\tskipDuplicateMapOutputs: true) ~> LimitColumns\nConditionalSplit1@validfiles alterRow(upsertIf(true())) ~> Upsert\nAgrregateCheck split(row_count>0,\n\tdisjoint: false) ~> ConditionalSplit2@(errorRecordCame, noActionNeeded)\nLimitColumns sink(allowSchemaDrift: true,\n\tvalidateSchema: false,\n\tdeletable:false,\n\tinsertable:true,\n\tupdateable:false,\n\tupsertable:false,\n\tformat: 'table',\n\tmapColumn(\n\t\terror_name,\n\t\tcreated_date\n\t),\n\tpartitionBy('hash', 1),\n\tskipDuplicateMapInputs: true,\n\tsaveOrder: 1,\n\terrorHandlingOption: 'stopOnFirstError') ~> invalidCompanies\nConditionalSplit1@erroneousfiles sink(allowSchemaDrift: true,\n\tvalidateSchema: false,\n\tpartitionFileNames:[($tableName)],\n\tpartitionBy('hash', 1),\n\tskipDuplicateMapInputs: true,\n\tskipDuplicateMapOutputs: true) ~> invalidDataLakeDump\nUpsert sink(allowSchemaDrift: true,\n\tvalidateSchema: false,\n\tdeletable:false,\n\tinsertable:false,\n\tupdateable:false,\n\tupsertable:true,\n\tkeys:['cuit'],\n\tformat: 'table',\n\tpreSQLs:[(concat(concat('SET IDENTITY_INSERT ', $tableName),' ON'))],\n\tpostSQLs:[(concat(concat('SET IDENTITY_INSERT ', $tableName),' OFF'))],\n\tmapColumn(\n\t\tcuit,\n\t\tcompany_name,\n\t\tphone,\n\t\temail,\n\t\tbilling_address,\n\t\tpostal_code\n\t),\n\tpartitionBy('hash', 1),\n\tskipDuplicateMapInputs: true,\n\tskipDuplicateMapOutputs: true,\n\terrorHandlingOption: 'stopOnFirstError') ~> validcompaniesSQL"
		}
	}
}