{
	"name": "CustomerRefine",
	"properties": {
		"folder": {
			"name": "ErroneousCheck"
		},
		"type": "MappingDataFlow",
		"typeProperties": {
			"sources": [
				{
					"dataset": {
						"referenceName": "AzureSqlTable",
						"type": "DatasetReference"
					},
					"name": "Customers"
				}
			],
			"sinks": [
				{
					"dataset": {
						"referenceName": "AnalyticsTable",
						"type": "DatasetReference"
					},
					"name": "invalidCustomers"
				},
				{
					"dataset": {
						"referenceName": "DelimitedText_noFilePath",
						"type": "DatasetReference"
					},
					"name": "invalidDataLakeDump"
				},
				{
					"dataset": {
						"referenceName": "AnalyticsTable",
						"type": "DatasetReference"
					},
					"name": "validCustomersSQL"
				}
			],
			"transformations": [
				{
					"name": "errorData"
				},
				{
					"name": "AgrregateCheck"
				},
				{
					"name": "ErrorInfo"
				},
				{
					"name": "LimitColumns"
				},
				{
					"name": "Upsert"
				},
				{
					"name": "materialisingColumns",
					"description": "Creates an explicit mapping for each drifted column"
				},
				{
					"name": "errorR"
				}
			],
			"script": "parameters{\n\ttableName as string,\n\ttriggeredOn as string\n}\nsource(allowSchemaDrift: true,\n\tvalidateSchema: false,\n\tisolationLevel: 'READ_UNCOMMITTED',\n\tformat: 'table',\n\tpartitionBy('hash', 1)) ~> Customers\nmaterialisingColumns split(isNull(customer_id) || customer_id==''||isNull(document_number) || document_number==''||isNull(full_name) || full_name==''||isNull(dob) || dob=='',\n\tdisjoint: false) ~> errorData@(erroneousfiles, validfiles)\nerrorData@erroneousfiles aggregate(row_count = count()) ~> AgrregateCheck\nerrorR@errorRecordCame derive(error_name = concat($tableName,' ',$triggeredOn),\n\t\tcreated_date = toDate($triggeredOn, 'yyyy-MM-dd')) ~> ErrorInfo\nErrorInfo select(mapColumn(\n\t\terror_name,\n\t\tcreated_date\n\t),\n\tskipDuplicateMapInputs: true,\n\tskipDuplicateMapOutputs: true) ~> LimitColumns\nerrorData@validfiles alterRow(upsertIf(true()),\n\tpartitionBy('hash', 1)) ~> Upsert\nCustomers derive(customer_id = toString(byName('customer_id')),\n\t\tdocument_number = toString(byName('document_number')),\n\t\tfull_name = toString(byName('full_name')),\n\t\tdob = toString(byName('dob')),\n\t\tphone = toString(byName('phone')),\n\t\temail = toString(byName('email')),\n\t\tbilling_address = toString(byName('billing_address')),\n\t\tpostal_code = toString(byName('postal_code'))) ~> materialisingColumns\nAgrregateCheck split(row_count>0,\n\tdisjoint: false) ~> errorR@(errorRecordCame, noActionNeeded)\nLimitColumns sink(allowSchemaDrift: true,\n\tvalidateSchema: false,\n\tdeletable:false,\n\tinsertable:true,\n\tupdateable:false,\n\tupsertable:false,\n\tformat: 'table',\n\tmapColumn(\n\t\terror_name,\n\t\tcreated_date\n\t),\n\tpartitionBy('hash', 1),\n\tskipDuplicateMapInputs: true,\n\tsaveOrder: 0,\n\terrorHandlingOption: 'stopOnFirstError') ~> invalidCustomers\nerrorData@erroneousfiles sink(allowSchemaDrift: true,\n\tvalidateSchema: false,\n\tpartitionFileNames:[($tableName)],\n\tpartitionBy('hash', 1),\n\tskipDuplicateMapInputs: true,\n\tskipDuplicateMapOutputs: true) ~> invalidDataLakeDump\nUpsert sink(allowSchemaDrift: true,\n\tvalidateSchema: false,\n\tdeletable:false,\n\tinsertable:true,\n\tupdateable:false,\n\tupsertable:true,\n\tkeys:['customer_id'],\n\tformat: 'table',\n\tpreSQLs:[(concat(concat('SET IDENTITY_INSERT ', $tableName),' ON'))],\n\tpostSQLs:[(concat(concat('SET IDENTITY_INSERT ', $tableName),' OFF'))],\n\tmapColumn(\n\t\tcustomer_id,\n\t\tdocument_number,\n\t\tfull_name,\n\t\tdob,\n\t\tphone,\n\t\temail,\n\t\tbilling_address,\n\t\tpostal_code\n\t),\n\tpartitionBy('hash', 1),\n\tskipDuplicateMapInputs: true,\n\tskipDuplicateMapOutputs: true,\n\terrorHandlingOption: 'stopOnFirstError') ~> validCustomersSQL"
		}
	}
}