{
	"name": "MarketingFile",
	"properties": {
		"folder": {
			"name": "MarketingFile"
		},
		"type": "MappingDataFlow",
		"typeProperties": {
			"sources": [
				{
					"dataset": {
						"referenceName": "Excel_Sheet_Index",
						"type": "DatasetReference"
					},
					"name": "MarketingFile"
				},
				{
					"dataset": {
						"referenceName": "AzureSqlTable",
						"type": "DatasetReference"
					},
					"name": "suppliers"
				}
			],
			"sinks": [
				{
					"dataset": {
						"referenceName": "DelimitedText_noFilePath",
						"type": "DatasetReference"
					},
					"name": "invalidRecords"
				},
				{
					"dataset": {
						"referenceName": "AnalyticsTable",
						"type": "DatasetReference"
					},
					"name": "outputRecords"
				},
				{
					"dataset": {
						"referenceName": "DelimitedText_noFilePath",
						"type": "DatasetReference"
					},
					"name": "storage"
				},
				{
					"dataset": {
						"referenceName": "AnalyticsTable",
						"type": "DatasetReference"
					},
					"name": "Errors"
				},
				{
					"dataset": {
						"referenceName": "AnalyticsTable",
						"type": "DatasetReference"
					},
					"name": "tempOutput"
				}
			],
			"transformations": [
				{
					"name": "mappingColumns",
					"description": "Creates an explicit mapping for each drifted column"
				},
				{
					"name": "ConditionalSplit1"
				},
				{
					"name": "salesFlagandCreatedDate"
				},
				{
					"name": "SuppliersJoin"
				},
				{
					"name": "Rows"
				},
				{
					"name": "FinalColumn"
				},
				{
					"name": "FinalRenamedColumns"
				},
				{
					"name": "ConditionalSplit2"
				}
			],
			"script": "parameters{\n\tfileName as string,\n\ttriggeredOn as string\n}\nsource(allowSchemaDrift: true,\n\tvalidateSchema: false,\n\tignoreNoFilesFound: false) ~> MarketingFile\nsource(output(\n\t\tsupplier_id as integer,\n\t\tcuit as integer,\n\t\tproduct_id as integer,\n\t\tprice as decimal(18,2),\n\t\tlast_modified as timestamp\n\t),\n\tallowSchemaDrift: true,\n\tvalidateSchema: false,\n\tisolationLevel: 'READ_UNCOMMITTED',\n\tquery: 'select * from dbo.suppliers ',\n\tformat: 'query') ~> suppliers\nMarketingFile derive(Id = toInteger(byName('Id')),\n\t\tQuote_Product_id = toInteger(byName('Quote_Product_id')),\n\t\tQuote_Price = toString(byName('Quote_Price')),\n\t\tQuote_Value = toString(byName('Quote_Value')),\n\t\tSale_flag = toString(byName('Sale_flag')),\n\t\tOrder_Id = toString(byName('Order_Id')),\n\t\tCustomer_Id = toInteger(byName('Customer_Id')),\n\t\tCompany_Id = toInteger(byName('Company_Id')),\n\t\tCreated_Date = toString(byName('Created_Date'))) ~> mappingColumns\nSuppliersJoin split(isNull(Id)||isNull(Quote_Product_id)||isNull(Quote_Price)||isNull(supplier_id),\n\tdisjoint: false) ~> ConditionalSplit1@(invalidRecords, validRecords)\nmappingColumns derive(Sale_flag = iif(Sale_flag=='true', 1, 0),\n\t\tCreated_Date = toDate(Created_Date,'yyyy-MM-dd')) ~> salesFlagandCreatedDate\nsalesFlagandCreatedDate, suppliers join(Quote_Product_id == product_id\n\t&& Company_Id == cuit,\n\tjoinType:'left',\n\tbroadcast: 'auto')~> SuppliersJoin\nConditionalSplit1@invalidRecords aggregate(row_count = count()) ~> Rows\nConditionalSplit2@ErrorOccured derive(FinalColumn = $fileName,\n\t\tcreated_date = toDate($triggeredOn, 'yyyy-MM-dd')) ~> FinalColumn\nFinalColumn select(mapColumn(\n\t\terror_name = FinalColumn,\n\t\tcurrent_date = created_date\n\t),\n\tskipDuplicateMapInputs: true,\n\tskipDuplicateMapOutputs: true) ~> FinalRenamedColumns\nRows split(row_count!=0,\n\tdisjoint: false) ~> ConditionalSplit2@(ErrorOccured, NoError)\nConditionalSplit1@invalidRecords sink(allowSchemaDrift: true,\n\tvalidateSchema: false,\n\tpartitionFileNames:[(concat('invalid',$fileName))],\n\tpartitionBy('hash', 1),\n\tskipDuplicateMapInputs: true,\n\tskipDuplicateMapOutputs: true) ~> invalidRecords\nConditionalSplit1@validRecords sink(allowSchemaDrift: true,\n\tvalidateSchema: false,\n\tdeletable:false,\n\tinsertable:true,\n\tupdateable:false,\n\tupsertable:false,\n\ttruncate:true,\n\tformat: 'table',\n\tpartitionBy('hash', 1),\n\tskipDuplicateMapInputs: true,\n\tskipDuplicateMapOutputs: true,\n\terrorHandlingOption: 'stopOnFirstError') ~> outputRecords\nConditionalSplit1@validRecords sink(allowSchemaDrift: true,\n\tvalidateSchema: false,\n\tpartitionFileNames:[($fileName)],\n\tpartitionBy('hash', 1),\n\tskipDuplicateMapInputs: true,\n\tskipDuplicateMapOutputs: true) ~> storage\nFinalRenamedColumns sink(allowSchemaDrift: true,\n\tvalidateSchema: false,\n\tdeletable:false,\n\tinsertable:true,\n\tupdateable:false,\n\tupsertable:false,\n\tformat: 'table',\n\tskipDuplicateMapInputs: true,\n\tskipDuplicateMapOutputs: true,\n\terrorHandlingOption: 'stopOnFirstError') ~> Errors\nConditionalSplit1@validRecords sink(allowSchemaDrift: true,\n\tvalidateSchema: false,\n\tdeletable:false,\n\tinsertable:true,\n\tupdateable:false,\n\tupsertable:false,\n\tformat: 'table',\n\tpreSQLs:['Truncate table stg.marketing'],\n\tskipDuplicateMapInputs: true,\n\tskipDuplicateMapOutputs: true,\n\terrorHandlingOption: 'stopOnFirstError') ~> tempOutput"
		}
	}
}