{
	"name": "OrdersRefine",
	"properties": {
		"folder": {
			"name": "ErroneousCheck"
		},
		"type": "MappingDataFlow",
		"typeProperties": {
			"sources": [
				{
					"dataset": {
						"referenceName": "AzureSqlTable",
						"type": "DatasetReference"
					},
					"name": "Orders"
				}
			],
			"sinks": [
				{
					"dataset": {
						"referenceName": "AnalyticsTable",
						"type": "DatasetReference"
					},
					"name": "invalidOrders"
				},
				{
					"dataset": {
						"referenceName": "DelimitedText_noFilePath",
						"type": "DatasetReference"
					},
					"name": "invalidDataLakeDump"
				},
				{
					"dataset": {
						"referenceName": "AnalyticsTable",
						"type": "DatasetReference"
					},
					"name": "validOrdersSQL"
				},
				{
					"dataset": {
						"referenceName": "AnalyticsTable",
						"type": "DatasetReference"
					},
					"name": "validOrdersfinalTable"
				}
			],
			"transformations": [
				{
					"name": "ConditionalSplit1"
				},
				{
					"name": "AgrregateCheck"
				},
				{
					"name": "ErrorInfo"
				},
				{
					"name": "LimitColumns"
				},
				{
					"name": "materialisingColumns",
					"description": "Creates an explicit mapping for each drifted column"
				},
				{
					"name": "ConditionalSplit2"
				}
			],
			"script": "parameters{\n\ttableName as string,\n\ttriggeredOn as string\n}\nsource(allowSchemaDrift: true,\n\tvalidateSchema: false,\n\tisolationLevel: 'READ_UNCOMMITTED',\n\tquery: (concat('select * from orders where cast(created_time as date)=', \"'\",$triggeredOn,\"'\")),\n\tformat: 'query',\n\tpartitionBy('hash', 1)) ~> Orders\nmaterialisingColumns split(isNull(order_id) || order_id=='' || isNull(supplier_id) || (isNull(person_id) && isNull(company_id)) || (!isNull(person_id) && !isNull(company_id)),\n\tdisjoint: false) ~> ConditionalSplit1@(erroneousfiles, validfiles)\nConditionalSplit1@erroneousfiles aggregate(row_count = count()) ~> AgrregateCheck\nConditionalSplit2@ErrorCame derive(error_name = concat($tableName,' ',$triggeredOn),\n\t\tcreated_date = toDate($triggeredOn, 'yyyy-MM-dd')) ~> ErrorInfo\nErrorInfo select(mapColumn(\n\t\terror_name,\n\t\tcreated_date\n\t),\n\tskipDuplicateMapInputs: true,\n\tskipDuplicateMapOutputs: true) ~> LimitColumns\nOrders derive(order_id = toString(byName('order_id')),\n\t\tsupplier_id = toString(byName('supplier_id')),\n\t\tperson_id = toString(byName('customer_id')),\n\t\tcompany_id = toString(byName('company_id')),\n\t\tpayment_type = toString(byName('payment_type')),\n\t\tcreated_time = toString(byName('created_time')),\n\t\tmodified_time = toString(byName('modified_time')),\n\t\tquantity = toString(byName('quantity')),\n\t\ttransaction_amount = toString(byName('transaction_amount'))) ~> materialisingColumns\nAgrregateCheck split(row_count!=0,\n\tdisjoint: false) ~> ConditionalSplit2@(ErrorCame, NoError)\nLimitColumns sink(allowSchemaDrift: true,\n\tvalidateSchema: false,\n\tdeletable:false,\n\tinsertable:true,\n\tupdateable:false,\n\tupsertable:false,\n\tformat: 'table',\n\tmapColumn(\n\t\terror_name,\n\t\tcreated_date\n\t),\n\tpartitionBy('hash', 1),\n\tskipDuplicateMapInputs: true,\n\tsaveOrder: 1,\n\terrorHandlingOption: 'stopOnFirstError') ~> invalidOrders\nConditionalSplit1@erroneousfiles sink(allowSchemaDrift: true,\n\tvalidateSchema: false,\n\tpartitionFileNames:[($tableName)],\n\tpartitionBy('hash', 1),\n\tskipDuplicateMapInputs: true,\n\tskipDuplicateMapOutputs: true) ~> invalidDataLakeDump\nConditionalSplit1@validfiles sink(allowSchemaDrift: true,\n\tvalidateSchema: false,\n\tdeletable:false,\n\tinsertable:true,\n\tupdateable:false,\n\tupsertable:false,\n\tformat: 'table',\n\tpreSQLs:['SET IDENTITY_INSERT stg.orders ON;\\nTRUNCATE TABLE \\nstg.orders;'],\n\tpostSQLs:['SET IDENTITY_INSERT  stg.orders OFF;'],\n\tmapColumn(\n\t\torder_id,\n\t\tsupplier_id,\n\t\tperson_id,\n\t\tcompany_id,\n\t\tpayment_type,\n\t\tcreated_time,\n\t\tmodified_time,\n\t\tquantity,\n\t\ttransaction_amount\n\t),\n\tpartitionBy('hash', 1),\n\tskipDuplicateMapInputs: true,\n\tskipDuplicateMapOutputs: true,\n\terrorHandlingOption: 'stopOnFirstError') ~> validOrdersSQL\nConditionalSplit1@validfiles sink(allowSchemaDrift: true,\n\tvalidateSchema: false,\n\tdeletable:false,\n\tinsertable:true,\n\tupdateable:false,\n\tupsertable:false,\n\tformat: 'table',\n\tpreSQLs:['SET IDENTITY_INSERT dbo.orders ON;\\n'],\n\tpostSQLs:['SET IDENTITY_INSERT dbo.orders OFF;\\n'],\n\tskipDuplicateMapInputs: true,\n\tskipDuplicateMapOutputs: true,\n\terrorHandlingOption: 'stopOnFirstError') ~> validOrdersfinalTable"
		}
	}
}