{
	"name": "OrderStatus",
	"properties": {
		"folder": {
			"name": "ErroneousCheck"
		},
		"type": "MappingDataFlow",
		"typeProperties": {
			"sources": [
				{
					"dataset": {
						"referenceName": "AzureSqlTable",
						"type": "DatasetReference"
					},
					"name": "OrderStatus"
				}
			],
			"sinks": [
				{
					"dataset": {
						"referenceName": "AnalyticsTable",
						"type": "DatasetReference"
					},
					"name": "invalidOrderStatus"
				},
				{
					"dataset": {
						"referenceName": "DelimitedText_noFilePath",
						"type": "DatasetReference"
					},
					"name": "invalidDataLakeDump"
				},
				{
					"dataset": {
						"referenceName": "AnalyticsTable",
						"type": "DatasetReference"
					},
					"name": "validOrderStatusSQL"
				}
			],
			"transformations": [
				{
					"name": "ConditionalSplit1"
				},
				{
					"name": "AgrregateCheck"
				},
				{
					"name": "ErrorInfo"
				},
				{
					"name": "LimitColumns"
				},
				{
					"name": "materialisingColumns",
					"description": "Creates an explicit mapping for each drifted column"
				},
				{
					"name": "ConditionalSplit2"
				}
			],
			"script": "parameters{\n\ttableName as string,\n\ttriggeredOn as string\n}\nsource(output(\n\t\torder_id as long,\n\t\torder_status as string,\n\t\tcreated_time as timestamp\n\t),\n\tallowSchemaDrift: true,\n\tvalidateSchema: false,\n\tisolationLevel: 'READ_UNCOMMITTED',\n\tquery: (concat('select * from dbo.order_status where cast(created_time as date)=', \"'\",$triggeredOn,\"'\")),\n\tformat: 'query',\n\tpartitionBy('hash', 1)) ~> OrderStatus\nmaterialisingColumns split(isNull(order_id) || order_status=='' || isNull(created_time) || isNull(created_time),\n\tdisjoint: false) ~> ConditionalSplit1@(erroneousfiles, validfiles)\nConditionalSplit1@erroneousfiles aggregate(row_count = count()) ~> AgrregateCheck\nConditionalSplit2@ErrorCame derive(error_name = concat($tableName,' ',$triggeredOn),\n\t\tcreated_date = toDate($triggeredOn, 'yyyy-MM-dd')) ~> ErrorInfo\nErrorInfo select(mapColumn(\n\t\terror_name,\n\t\tcreated_date\n\t),\n\tskipDuplicateMapInputs: true,\n\tskipDuplicateMapOutputs: true) ~> LimitColumns\nOrderStatus derive(order_id = toString(byName('order_id')),\n\t\torder_status = toString(byName('order_status')),\n\t\tcreated_time = toString(byName('created_time'))) ~> materialisingColumns\nAgrregateCheck split(row_count!=0,\n\tdisjoint: false) ~> ConditionalSplit2@(ErrorCame, NoError)\nLimitColumns sink(allowSchemaDrift: true,\n\tvalidateSchema: false,\n\tdeletable:false,\n\tinsertable:true,\n\tupdateable:false,\n\tupsertable:false,\n\tformat: 'table',\n\tmapColumn(\n\t\terror_name,\n\t\tcreated_date\n\t),\n\tpartitionBy('hash', 1),\n\tskipDuplicateMapInputs: true,\n\tsaveOrder: 1,\n\terrorHandlingOption: 'stopOnFirstError') ~> invalidOrderStatus\nConditionalSplit1@erroneousfiles sink(allowSchemaDrift: true,\n\tvalidateSchema: false,\n\tpartitionFileNames:[($tableName)],\n\tpartitionBy('hash', 1),\n\tskipDuplicateMapInputs: true,\n\tskipDuplicateMapOutputs: true) ~> invalidDataLakeDump\nConditionalSplit1@validfiles sink(allowSchemaDrift: true,\n\tvalidateSchema: false,\n\tdeletable:false,\n\tinsertable:true,\n\tupdateable:false,\n\tupsertable:false,\n\tformat: 'table',\n\tmapColumn(\n\t\torder_id,\n\t\torder_status,\n\t\tcreated_time\n\t),\n\tpartitionBy('hash', 1),\n\tskipDuplicateMapInputs: true,\n\tskipDuplicateMapOutputs: true,\n\terrorHandlingOption: 'stopOnFirstError') ~> validOrderStatusSQL"
		}
	}
}