{
	"name": "ProductsRefine",
	"properties": {
		"folder": {
			"name": "ErroneousCheck"
		},
		"type": "MappingDataFlow",
		"typeProperties": {
			"sources": [
				{
					"dataset": {
						"referenceName": "AzureSqlTable",
						"type": "DatasetReference"
					},
					"name": "Products"
				}
			],
			"sinks": [
				{
					"dataset": {
						"referenceName": "AnalyticsTable",
						"type": "DatasetReference"
					},
					"name": "invalidProducts"
				},
				{
					"dataset": {
						"referenceName": "DelimitedText_noFilePath",
						"type": "DatasetReference"
					},
					"name": "invalidDataLakeDump"
				},
				{
					"dataset": {
						"referenceName": "AnalyticsTable",
						"type": "DatasetReference"
					},
					"name": "validProductsSQL"
				}
			],
			"transformations": [
				{
					"name": "ConditionalSplit1"
				},
				{
					"name": "AgrregateCheck"
				},
				{
					"name": "ErrorInfo"
				},
				{
					"name": "LimitColumns"
				},
				{
					"name": "Upsert"
				},
				{
					"name": "materialisingColumns",
					"description": "Creates an explicit mapping for each drifted column"
				},
				{
					"name": "ConditionalSplit2"
				}
			],
			"script": "parameters{\n\ttableName as string,\n\ttriggeredOn as string\n}\nsource(allowSchemaDrift: true,\n\tvalidateSchema: false,\n\tisolationLevel: 'READ_UNCOMMITTED',\n\tformat: 'table',\n\tpartitionBy('hash', 1)) ~> Products\nmaterialisingColumns split(isNull(product_id) || product_id==''||isNull(product_name) || product_name==''||isNull(product_description) || product_description=='',\n\tdisjoint: false) ~> ConditionalSplit1@(erroneousfiles, validfiles)\nConditionalSplit1@erroneousfiles aggregate(row_count = count()) ~> AgrregateCheck\nConditionalSplit2@ErrorCame derive(error_name = concat($tableName,' ',$triggeredOn),\n\t\tcreated_date = toDate($triggeredOn, 'yyyy-MM-dd')) ~> ErrorInfo\nErrorInfo select(mapColumn(\n\t\terror_name,\n\t\tcreated_date\n\t),\n\tskipDuplicateMapInputs: true,\n\tskipDuplicateMapOutputs: true) ~> LimitColumns\nConditionalSplit1@validfiles alterRow(upsertIf(true()),\n\tpartitionBy('hash', 1)) ~> Upsert\nProducts derive(product_id = toString(byName('product_id')),\n\t\tproduct_name = toString(byName('product_name')),\n\t\tproduct_description = toString(byName('product_description'))) ~> materialisingColumns\nAgrregateCheck split(row_count!=0,\n\tdisjoint: false) ~> ConditionalSplit2@(ErrorCame, NoError)\nLimitColumns sink(allowSchemaDrift: true,\n\tvalidateSchema: false,\n\tdeletable:false,\n\tinsertable:true,\n\tupdateable:false,\n\tupsertable:false,\n\tformat: 'table',\n\tmapColumn(\n\t\terror_name,\n\t\tcreated_date\n\t),\n\tpartitionBy('hash', 1),\n\tskipDuplicateMapInputs: true,\n\tsaveOrder: 1,\n\terrorHandlingOption: 'stopOnFirstError') ~> invalidProducts\nConditionalSplit1@erroneousfiles sink(allowSchemaDrift: true,\n\tvalidateSchema: false,\n\tpartitionFileNames:[($tableName)],\n\tpartitionBy('hash', 1),\n\tskipDuplicateMapInputs: true,\n\tskipDuplicateMapOutputs: true) ~> invalidDataLakeDump\nUpsert sink(allowSchemaDrift: true,\n\tvalidateSchema: false,\n\tdeletable:false,\n\tinsertable:true,\n\tupdateable:false,\n\tupsertable:true,\n\tkeys:['product_id'],\n\tformat: 'table',\n\tpreSQLs:[(concat(concat('SET IDENTITY_INSERT ', $tableName),' ON'))],\n\tpostSQLs:[(concat(concat('SET IDENTITY_INSERT ', $tableName),' OFF'))],\n\tmapColumn(\n\t\tproduct_id,\n\t\tproduct_name,\n\t\tproduct_description\n\t),\n\tpartitionBy('hash', 1),\n\tskipDuplicateMapInputs: true,\n\tskipDuplicateMapOutputs: true,\n\terrorHandlingOption: 'stopOnFirstError') ~> validProductsSQL"
		}
	}
}